None,D0,D1,D2,D3,D4,StartDate,EndDate
95.32,4.68,0,0,0,0,2023/11/21,2023/11/27
95.32,4.68,0,0,0,0,2023/11/14,2023/11/20
94.04,5.96,0,0,0,0,2023/11/7,2023/11/13
94.34,5.66,0,0,0,0,2023/10/31,2023/11/6
94.32,5.68,0,0,0,0,2023/10/24,2023/10/30
94.32,5.68,0,0,0,0,2023/10/17,2023/10/23
93.98,6.02,0.07,0,0,0,2023/10/10,2023/10/16
94.01,5.99,0.07,0,0,0,2023/10/3,2023/10/9
94.01,5.99,0.07,0,0,0,2023/9/26,2023/10/2
93.53,6.47,0.24,0,0,0,2023/9/19,2023/9/25
93.54,6.46,0.22,0,0,0,2023/9/12,2023/9/18
93.53,6.47,0.22,0,0,0,2023/9/5,2023/9/11
93.35,6.65,1.35,0,0,0,2023/8/29,2023/9/4
93.33,6.67,1.38,0,0,0,2023/8/22,2023/8/28
74.56,25.44,7.27,0,0,0,2023/8/15,2023/8/21
74.55,25.45,7.28,0,0,0,2023/8/8,2023/8/14
74.43,25.57,6.52,0,0,0,2023/8/1,2023/8/7
74.43,25.57,6.29,0,0,0,2023/7/25,2023/7/31
74.45,25.55,6.29,0,0,0,2023/7/18,2023/7/24
71.95,28.05,6.29,0,0,0,2023/7/11,2023/7/17
71.95,28.05,4.63,0,0,0,2023/7/4,2023/7/10
71.88,28.12,4.63,0,0,0,2023/6/27,2023/7/3
72.32,27.68,4.63,0,0,0,2023/6/20,2023/6/26
72.32,27.68,4.63,0,0,0,2023/6/13,2023/6/19
70.88,29.12,4.63,0,0,0,2023/6/6,2023/6/12
70.88,29.12,4.63,0,0,0,2023/5/30,2023/6/5
70.86,29.14,4.63,0,0,0,2023/5/23,2023/5/29
68.02,31.98,5.95,0,0,0,2023/5/16,2023/5/22
68.02,31.98,5.95,0,0,0,2023/5/9,2023/5/15
68.04,31.96,7.98,0,0,0,2023/5/2,2023/5/8
68.04,31.96,7.98,0,0,0,2023/4/25,2023/5/1
65.67,34.33,8.79,0,0,0,2023/4/18,2023/4/24
65.67,34.33,8.79,0,0,0,2023/4/11,2023/4/17
56.17,43.83,24.86,0.82,0,0,2023/4/4,2023/4/10
55.34,44.66,28.11,1.95,0,0,2023/3/28,2023/4/3
48.51,51.49,35.88,8.49,0,0,2023/3/21,2023/3/27
44.66,55.34,36.42,8.49,0,0,2023/3/14,2023/3/20
26.84,73.16,43.06,19,0,0,2023/3/7,2023/3/13
16.71,83.29,49.13,24.96,0,0,2023/2/28,2023/3/6
0.61,99.39,84.6,32.62,0,0,2023/2/21,2023/2/27
0.64,99.36,84.6,32.62,0,0,2023/2/14,2023/2/20
0.64,99.36,84.6,32.62,0,0,2023/2/7,2023/2/13
0.64,99.36,89.56,32.57,0,0,2023/1/31,2023/2/6
0.64,99.36,89.56,32.57,0,0,2023/1/24,2023/1/30
0.64,99.36,92.12,42.84,0,0,2023/1/17,2023/1/23
0,100,95.38,46,0.32,0,2023/1/10,2023/1/16
0,100,97.93,71.14,27.1,0,2023/1/3,2023/1/9
0,100,97.94,80.56,35.5,7.16,2022/12/27,2023/1/2
0,100,97.94,80.56,35.5,7.16,2022/12/20,2022/12/26
0,100,97.94,80.56,35.5,7.16,2022/12/13,2022/12/19
0,100,99.48,84.97,40.08,12.73,2022/12/6,2022/12/12
0,100,99.48,84.97,40.92,12.73,2022/11/29,2022/12/5
0,100,99.48,84.97,40.92,12.73,2022/11/22,2022/11/28
0,100,99.48,84.97,40.92,12.73,2022/11/15,2022/11/21
0,100,99.51,88.09,41.39,16.57,2022/11/8,2022/11/14
0,100,99.77,91.83,43.06,16.57,2022/11/1,2022/11/7
0,100,99.77,91.83,43.06,16.57,2022/10/25,2022/10/31
0,100,99.77,91.83,40.91,16.57,2022/10/18,2022/10/24
0,100,99.77,93.99,40.91,16.57,2022/10/11,2022/10/17
0,100,99.77,94.02,40.91,16.57,2022/10/4,2022/10/10
0,100,99.76,94.01,40.91,16.57,2022/9/27,2022/10/3
0,100,99.76,94.06,40.91,16.57,2022/9/20,2022/9/26
0,100,99.76,94.06,40.91,16.57,2022/9/13,2022/9/19
0,100,99.76,97.52,40.18,16.57,2022/9/6,2022/9/12
0,100,99.76,97.52,40.18,16.57,2022/8/30,2022/9/5
0,100,99.76,97.53,43.16,16.57,2022/8/23,2022/8/29
0,100,99.76,97.53,43.16,16.57,2022/8/16,2022/8/22
0,100,99.77,97.52,45.81,16.53,2022/8/9,2022/8/15
0,100,99.78,97.47,59.81,12.12,2022/8/2,2022/8/8
0,100,99.78,97.47,59.81,12.74,2022/7/26,2022/8/1
0,100,99.78,97.47,59.81,12.74,2022/7/19,2022/7/25
0,100,99.8,97.48,59.81,12.74,2022/7/12,2022/7/18
0,100,99.8,97.48,59.81,11.59,2022/7/5,2022/7/11
0,100,99.79,97.48,59.81,11.59,2022/6/28,2022/7/4
0,100,99.79,97.48,59.81,11.59,2022/6/21,2022/6/27
0,100,99.79,97.48,59.81,11.59,2022/6/14,2022/6/20
0,100,99.79,97.48,59.81,11.59,2022/6/7,2022/6/13
0,100,99.86,97.56,59.81,11.59,2022/5/31,2022/6/6
0,100,99.86,97.56,59.81,11.59,2022/5/24,2022/5/30
0,100,99.86,95.14,59.81,0.18,2022/5/17,2022/5/23
0,100,99.86,95.14,59.81,0,2022/5/10,2022/5/16
0,100,100,95.18,40.51,0,2022/5/3,2022/5/9
0,100,100,95.18,40.56,0,2022/4/26,2022/5/2
0,100,100,95.18,40.81,0,2022/4/19,2022/4/25
0,100,100,95.75,46.87,0,2022/4/12,2022/4/18
0,100,100,93.65,40.67,0,2022/4/5,2022/4/11
0,100,100,93.65,40.25,0,2022/3/29,2022/4/4
0,100,100,93.65,37.69,0,2022/3/22,2022/3/28
0,100,100,93.23,35.22,0,2022/3/15,2022/3/21
0,100,100,86.98,12.82,0,2022/3/8,2022/3/14
0,100,100,86.98,12.82,0,2022/3/1,2022/3/7
0,100,100,68.77,6.7,0,2022/2/22,2022/2/28
0,100,99.57,66.39,1.39,0,2022/2/15,2022/2/21
0,100,99.25,66.39,1.39,0,2022/2/8,2022/2/14
0,100,99.25,66.39,1.39,0,2022/2/1,2022/2/7
0,100,99.25,66.39,1.39,0,2022/1/25,2022/1/31
0,100,99.25,66.39,1.39,0,2022/1/18,2022/1/24
0,100,99.25,66.39,1.39,0,2022/1/11,2022/1/17
0,100,99.3,67.62,16.6,0.84,2022/1/4,2022/1/10
0,100,100,86.28,32.93,0.84,2021/12/28,2022/1/3
0,100,100,92.44,79.44,23.11,2021/12/21,2021/12/27
0,100,100,92.43,80.28,28.27,2021/12/14,2021/12/20
0,100,100,92.43,80.28,28.27,2021/12/7,2021/12/13
0,100,100,92.43,80.28,28.27,2021/11/30,2021/12/6
0,100,100,92.43,80.28,28.27,2021/11/23,2021/11/29
0,100,100,92.43,80.28,37.62,2021/11/16,2021/11/22
0,100,100,92.43,80.28,37.62,2021/11/9,2021/11/15
0,100,100,93.81,83.33,38.74,2021/11/2,2021/11/8
0,100,100,93.81,83.33,38.74,2021/10/26,2021/11/1
0,100,100,93.81,87.18,45.66,2021/10/19,2021/10/25
0,100,100,93.93,87.18,45.66,2021/10/12,2021/10/18
0,100,100,93.93,87.88,45.66,2021/10/5,2021/10/11
0,100,100,93.93,87.88,45.66,2021/9/28,2021/10/4
0,100,100,93.93,87.88,45.66,2021/9/21,2021/9/27
0,100,100,93.93,87.94,45.66,2021/9/14,2021/9/20
0,100,100,93.93,87.94,45.66,2021/9/7,2021/9/13
0,100,100,95.56,88.37,47.4,2021/8/31,2021/9/6
0,100,100,95.58,88.37,47.4,2021/8/24,2021/8/30
0,100,100,95.58,88.37,48.97,2021/8/17,2021/8/23
0,100,100,95.07,88.37,47.1,2021/8/10,2021/8/16
0,100,100,95.07,88.37,46.45,2021/8/3,2021/8/9
0,100,100,95.09,88.59,46.49,2021/7/27,2021/8/2
0,100,100,94.75,85.75,33.42,2021/7/20,2021/7/26
0,100,100,94.75,85.73,33.32,2021/7/13,2021/7/19
0,100,100,94.73,85.44,33.32,2021/7/6,2021/7/12
0,100,100,94.73,85.44,33.32,2021/6/29,2021/7/5
0,100,100,94.73,85.44,33.32,2021/6/22,2021/6/28
0,100,100,94.75,85.44,33.32,2021/6/15,2021/6/21
0,100,100,94.75,85.2,33.32,2021/6/8,2021/6/14
0,100,100,94.61,74.46,26.04,2021/6/1,2021/6/7
0,100,100,94.61,74.46,26.04,2021/5/25,2021/5/31
0,100,100,94.31,73.33,15.91,2021/5/18,2021/5/24
0,100,100,94.31,73.33,13.53,2021/5/11,2021/5/17
0,100,97.52,92.88,73.31,5.36,2021/5/4,2021/5/10
0,100,97.51,87.95,52.86,5.36,2021/4/27,2021/5/3
0,100,96.54,85.37,49.86,5.36,2021/4/20,2021/4/26
0.78,99.22,94.14,76.97,38.68,5.36,2021/4/13,2021/4/19
0.77,99.23,92.65,69.68,35.42,5.36,2021/4/6,2021/4/12
0.77,99.23,90.66,64.02,31.76,5.36,2021/3/30,2021/4/5
0.7,99.3,90.66,64.02,31.76,5.36,2021/3/23,2021/3/29
0.78,99.22,90.62,58.59,29.54,3.75,2021/3/16,2021/3/22
0.75,99.25,90.89,58.59,29.54,3.75,2021/3/9,2021/3/15
0.75,99.25,90.89,56.98,29.54,3.75,2021/3/2,2021/3/8
0.7,99.3,84.88,56.98,29.54,3.75,2021/2/23,2021/3/1
0.7,99.3,84.88,57.58,30.99,3.75,2021/2/16,2021/2/22
0.64,99.36,85.1,57.87,31.41,3.75,2021/2/9,2021/2/15
0,100,85.99,58.44,31.65,3.75,2021/2/2,2021/2/8
0,100,95.2,75.74,39.46,3.86,2021/1/26,2021/2/1
0,100,95.2,78.12,39.46,1.19,2021/1/19,2021/1/25
0,100,95.2,79.1,39.5,1.19,2021/1/12,2021/1/18
0,100,95.2,74.34,33.84,1.19,2021/1/5,2021/1/11
0,100,95.17,74.34,33.75,1.19,2020/12/29,2021/1/4
0,100,95.17,74.34,33.75,1.19,2020/12/22,2020/12/28
0,100,95.17,74.35,33.75,1.19,2020/12/15,2020/12/21
0,100,95.17,66.79,21.3,0,2020/12/8,2020/12/14
3.46,96.54,75.03,48.19,19.36,0,2020/12/1,2020/12/7
3.5,96.5,75.03,48.19,19.36,0,2020/11/24,2020/11/30
15.61,84.39,70.91,41.25,15.83,0,2020/11/17,2020/11/23
15.48,84.52,70.91,41.25,15.83,0,2020/11/10,2020/11/16
15.48,84.52,67.54,35.61,12.74,0,2020/11/3,2020/11/9
15.4,84.6,67.54,35.61,12.74,0,2020/10/27,2020/11/2
15.4,84.6,67.54,35.61,12.74,0,2020/10/20,2020/10/26
15.4,84.6,67.54,35.61,12.74,0,2020/10/13,2020/10/19
15.4,84.6,67.54,35.61,12.74,0,2020/10/6,2020/10/12
15.35,84.65,67.65,35.62,12.74,0,2020/9/29,2020/10/5
15.62,84.38,67.09,35.27,3.39,0,2020/9/22,2020/9/28
15.62,84.38,67.09,35.26,3.17,0,2020/9/15,2020/9/21
20.45,79.55,54.18,32.98,3.04,0,2020/9/8,2020/9/14
20.39,79.61,54.38,31.78,3.04,0,2020/9/1,2020/9/7
20.55,79.45,54.38,31.88,3.04,0,2020/8/25,2020/8/31
20.55,79.45,54.22,21.72,3.04,0,2020/8/18,2020/8/24
33.74,66.26,50.39,21.72,3.04,0,2020/8/11,2020/8/17
33.74,66.26,50.38,21.5,3.04,0,2020/8/4,2020/8/10
40.34,59.66,50.38,21.5,3.04,0,2020/7/28,2020/8/3
40.34,59.66,48.21,21.5,3.04,0,2020/7/21,2020/7/27
40.38,59.62,48.19,21.5,2.45,0,2020/7/14,2020/7/20
41.79,58.21,46.74,20.84,2.45,0,2020/7/7,2020/7/13
41.79,58.21,46.74,20.84,2.45,0,2020/6/30,2020/7/6
41.79,58.21,46.74,20.84,2.45,0,2020/6/23,2020/6/29
41.79,58.21,46.74,20.84,2.45,0,2020/6/16,2020/6/22
41.79,58.21,46.74,20.84,2.45,0,2020/6/9,2020/6/15
41.8,58.2,46.67,20.84,2.97,0,2020/6/2,2020/6/8
41.8,58.2,46.67,20.84,2.97,0,2020/5/26,2020/6/1
41.8,58.2,46.67,20.84,2.97,0,2020/5/19,2020/5/25
41.8,58.2,46.67,20.84,2.99,0,2020/5/12,2020/5/18
41.8,58.2,42.87,19.56,3.94,0,2020/5/5,2020/5/11
41.8,58.2,41.58,19.59,4.66,0,2020/4/28,2020/5/4
41.8,58.2,35.7,19.59,4.66,0,2020/4/21,2020/4/27
41.8,58.2,35.7,12.83,0,0,2020/4/14,2020/4/20
32.29,67.71,43.31,1.3,0,0,2020/4/7,2020/4/13
24.86,75.14,43.31,1.3,0,0,2020/3/31,2020/4/6
24.86,75.14,40.42,1.3,0,0,2020/3/24,2020/3/30
24.64,75.36,47.59,1.26,0,0,2020/3/17,2020/3/23
21.5,78.5,48.09,0,0,0,2020/3/10,2020/3/16
30.26,69.74,34.16,0,0,0,2020/3/3,2020/3/9
30.26,69.74,23.34,0,0,0,2020/2/25,2020/3/2
40.02,59.98,9.54,0,0,0,2020/2/18,2020/2/24
53.85,46.15,9.54,0,0,0,2020/2/11,2020/2/17
65.72,34.28,0,0,0,0,2020/2/4,2020/2/10
65.72,34.28,0,0,0,0,2020/1/28,2020/2/3
96.39,3.61,0,0,0,0,2020/1/21,2020/1/27
96.39,3.61,0,0,0,0,2020/1/14,2020/1/20
96.43,3.57,0,0,0,0,2020/1/7,2020/1/13
96.43,3.57,0,0,0,0,2019/12/31,2020/1/6
96.43,3.57,0,0,0,0,2019/12/24,2019/12/30
96.43,3.57,0,0,0,0,2019/12/17,2019/12/23
96.43,3.57,0,0,0,0,2019/12/10,2019/12/16
14.74,85.26,0.01,0,0,0,2019/12/3,2019/12/9
9.22,90.78,3.31,0.01,0,0,2019/11/26,2019/12/2
18.55,81.45,3.59,0.01,0,0,2019/11/19,2019/11/25
18.61,81.39,3.57,0.01,0,0,2019/11/12,2019/11/18
82.26,17.74,2.06,0,0,0,2019/11/5,2019/11/11
82.26,17.74,2.06,0,0,0,2019/10/29,2019/11/4
82.26,17.74,2.06,0,0,0,2019/10/22,2019/10/28
85.4,14.6,2.06,0,0,0,2019/10/15,2019/10/21
95.29,4.71,2.06,0,0,0,2019/10/8,2019/10/14
95.29,4.71,2.06,0,0,0,2019/10/1,2019/10/7
89.73,10.27,2.06,0,0,0,2019/9/24,2019/9/30
89.61,10.39,2.06,0,0,0,2019/9/17,2019/9/23
90.94,9.06,1.09,0.01,0,0,2019/9/10,2019/9/16
90.94,9.06,1.09,0,0,0,2019/9/3,2019/9/9
90.94,9.06,1.09,0,0,0,2019/8/27,2019/9/2
93.27,6.73,0,0,0,0,2019/8/20,2019/8/26
94.07,5.93,0,0,0,0,2019/8/13,2019/8/19
95.55,4.45,0,0,0,0,2019/8/6,2019/8/12
95.68,4.32,0,0,0,0,2019/7/30,2019/8/5
95.68,4.32,0,0,0,0,2019/7/23,2019/7/29
95.68,4.32,0,0,0,0,2019/7/16,2019/7/22
95.68,4.32,0,0,0,0,2019/7/9,2019/7/15
95.68,4.32,0,0,0,0,2019/7/2,2019/7/8
95.68,4.32,0,0,0,0,2019/6/25,2019/7/1
95.68,4.32,0,0,0,0,2019/6/18,2019/6/24
95.68,4.32,0,0,0,0,2019/6/11,2019/6/17
95.68,4.32,0,0,0,0,2019/6/4,2019/6/10
94.03,5.97,0,0,0,0,2019/5/28,2019/6/3
94.03,5.97,0,0,0,0,2019/5/21,2019/5/27
94.03,5.97,0,0,0,0,2019/5/14,2019/5/20
94.03,5.97,0,0,0,0,2019/5/7,2019/5/13
94.03,5.97,0,0,0,0,2019/4/30,2019/5/6
94.03,5.97,0,0,0,0,2019/4/23,2019/4/29
94.03,5.97,0,0,0,0,2019/4/16,2019/4/22
94.03,5.97,0,0,0,0,2019/4/9,2019/4/15
93.42,6.58,0,0,0,0,2019/4/2,2019/4/8
93.42,6.58,0,0,0,0,2019/3/26,2019/4/1
93.42,6.58,0,0,0,0,2019/3/19,2019/3/25
93.42,6.58,0,0,0,0,2019/3/12,2019/3/18
89.84,10.16,0.6,0,0,0,2019/3/5,2019/3/11
87.17,12.83,2.33,0,0,0,2019/2/26,2019/3/4
67.07,32.93,3.77,1.36,0,0,2019/2/19,2019/2/25
36.77,63.23,10.55,1.63,0,0,2019/2/12,2019/2/18
34.37,65.63,10.55,1.89,0,0,2019/2/5,2019/2/11
23.93,76.07,23.66,1.89,0,0,2019/1/29,2019/2/4
7.77,92.23,72.23,3.44,0.71,0,2019/1/22,2019/1/28
7.77,92.23,75.17,5.54,0.71,0,2019/1/15,2019/1/21
7.77,92.23,75.17,14.12,1.55,0,2019/1/8,2019/1/14
7.77,92.23,75.17,14.12,2.1,0,2019/1/1,2019/1/7
7.77,92.23,75.17,16.25,2.1,0,2018/12/25,2018/12/31
7.77,92.23,75.17,16.87,2.1,0,2018/12/18,2018/12/24
7.77,92.23,75.17,16.87,2.1,0,2018/12/11,2018/12/17
7.77,92.23,79.69,18.34,3.78,0,2018/12/4,2018/12/10
0,100,83.66,18.33,3.78,0,2018/11/27,2018/12/3
0,100,77.62,18.36,3.78,0,2018/11/20,2018/11/26
0,100,53.2,18.35,2.39,0,2018/11/13,2018/11/19
0,100,51.92,18.35,2.39,0,2018/11/6,2018/11/12
15.16,84.84,47.94,19.3,2.73,0,2018/10/30,2018/11/5
15.16,84.84,47.94,19.3,2.73,0,2018/10/23,2018/10/29
15.16,84.84,47.94,22.77,2.87,0,2018/10/16,2018/10/22
15.16,84.84,47.94,22.77,4.87,0,2018/10/9,2018/10/15
12.18,87.82,47.97,22.82,4.93,0,2018/10/2,2018/10/8
12.18,87.82,47.97,22.82,4.94,0,2018/9/25,2018/10/1
12.18,87.82,47.97,22.82,4.94,0,2018/9/18,2018/9/24
12.18,87.82,47.97,22.82,4.94,0,2018/9/11,2018/9/17
13.79,86.21,47.58,22.89,2.77,0,2018/9/4,2018/9/10
13.79,86.21,47.58,21.05,2.77,0,2018/8/28,2018/9/3
13.79,86.21,47.19,20.75,2.77,0,2018/8/21,2018/8/27
13.84,86.16,47.19,20.75,2.77,0,2018/8/14,2018/8/20
13.83,86.17,45.05,20.75,2.77,0,2018/8/7,2018/8/13
13.84,86.16,44.8,20.75,2.77,0,2018/7/31,2018/8/6
13.82,86.18,44.73,20.75,2.77,0,2018/7/24,2018/7/30
14.85,85.15,44.14,20.75,2.77,0,2018/7/17,2018/7/23
14.85,85.15,44.12,20.75,2.77,0,2018/7/10,2018/7/16
14.85,85.15,44.17,20.75,2.77,0,2018/7/3,2018/7/9
14.92,85.08,44.17,20.75,2.77,0,2018/6/26,2018/7/2
30.37,69.63,37.07,20.75,2.77,0,2018/6/19,2018/6/25
30.39,69.61,37.07,20.75,2.77,0,2018/6/12,2018/6/18
30.39,69.61,37.08,20.75,2.78,0,2018/6/5,2018/6/11
30.49,69.51,37.08,20.75,2.78,0,2018/5/29,2018/6/4
30.49,69.51,37.08,20.75,2.78,0,2018/5/22,2018/5/28
30.49,69.51,37.15,20.83,2.8,0,2018/5/15,2018/5/21
34.19,65.81,37.1,13.99,2.8,0,2018/5/8,2018/5/14
34.1,65.9,37.1,13.99,2.8,0,2018/5/1,2018/5/7
34.1,65.9,37.1,13.77,2.55,0,2018/4/24,2018/4/30
34.1,65.9,37.1,13.77,2.5,0,2018/4/17,2018/4/23
33.85,66.15,37.1,13.77,2.5,0,2018/4/10,2018/4/16
22.99,77.01,40.9,12.72,2.5,0,2018/4/3,2018/4/9
22.99,77.01,40.77,12.56,2.5,0,2018/3/27,2018/4/2
11.08,88.92,47.68,22.31,0.43,0,2018/3/20,2018/3/26
11.08,88.92,47.68,22.31,0.43,0,2018/3/13,2018/3/19
8.48,91.52,47.87,22.4,0.43,0,2018/3/6,2018/3/12
8.48,91.52,47.87,19.98,0,0,2018/2/27,2018/3/5
8.43,91.57,47.87,19.98,0,0,2018/2/20,2018/2/26
18.29,81.71,45.71,19.98,0,0,2018/2/13,2018/2/19
18.27,81.73,45.6,6.39,0,0,2018/2/6,2018/2/12
26.67,73.33,43.72,4.92,0,0,2018/1/30,2018/2/5
45.48,54.52,12.69,0,0,0,2018/1/23,2018/1/29
53.21,46.79,12.69,0,0,0,2018/1/16,2018/1/22
53.58,46.42,12.69,0,0,0,2018/1/9,2018/1/15
55.7,44.3,12.69,0,0,0,2018/1/2,2018/1/8
55.7,44.3,12.69,0,0,0,2017/12/26,2018/1/1
55.7,44.3,12.69,0,0,0,2017/12/19,2017/12/25
55.7,44.3,9.9,0,0,0,2017/12/12,2017/12/18
65.38,34.62,9.9,0,0,0,2017/12/5,2017/12/11
69.09,30.91,8.24,0,0,0,2017/11/28,2017/12/4
73.98,26.02,8.24,0,0,0,2017/11/21,2017/11/27
73.98,26.02,8.24,0,0,0,2017/11/14,2017/11/20
77.9,22.1,8.24,0,0,0,2017/11/7,2017/11/13
77.9,22.1,8.24,0,0,0,2017/10/31,2017/11/6
77.9,22.1,8.24,0,0,0,2017/10/24,2017/10/30
77.88,22.12,8.24,0,0,0,2017/10/17,2017/10/23
77.88,22.12,8.24,0,0,0,2017/10/10,2017/10/16
77.88,22.12,8.24,0,0,0,2017/10/3,2017/10/9
77.88,22.12,8.24,0,0,0,2017/9/26,2017/10/2
77.88,22.12,8.24,0.04,0,0,2017/9/19,2017/9/25
77.88,22.12,8.24,0.04,0,0,2017/9/12,2017/9/18
77.88,22.12,8.24,0.04,0,0,2017/9/5,2017/9/11
77.88,22.12,8.24,0.04,0,0,2017/8/29,2017/9/4
77.88,22.12,8.24,0.04,0,0,2017/8/22,2017/8/28
77.86,22.14,8.24,0.04,0,0,2017/8/15,2017/8/21
77.86,22.14,8.24,1.06,0,0,2017/8/8,2017/8/14
77.86,22.14,8.24,1.06,0,0,2017/8/1,2017/8/7
75.73,24.27,8.24,1.06,0,0,2017/7/25,2017/7/31
75.69,24.31,8.24,1.06,0,0,2017/7/18,2017/7/24
76.46,23.54,8.24,1.06,0,0,2017/7/11,2017/7/17
76.46,23.54,8.24,1.06,0,0,2017/7/4,2017/7/10
76.47,23.53,8.24,1.06,0,0,2017/6/27,2017/7/3
76.47,23.53,8.24,1.06,0,0,2017/6/20,2017/6/26
76.47,23.53,8.24,1.06,0,0,2017/6/13,2017/6/19
76.47,23.53,8.24,1.06,0,0,2017/6/6,2017/6/12
76.47,23.53,8.24,1.06,0,0,2017/5/30,2017/6/5
76.47,23.53,8.24,1.06,0,0,2017/5/23,2017/5/29
76.47,23.53,8.24,1.06,0,0,2017/5/16,2017/5/22
76.47,23.53,8.24,1.06,0,0,2017/5/9,2017/5/15
76.47,23.53,8.24,1.06,0,0,2017/5/2,2017/5/8
76.54,23.46,8.24,1.06,0,0,2017/4/25,2017/5/1
76.54,23.46,8.24,1.06,0,0,2017/4/18,2017/4/24
76.54,23.46,8.24,1.06,0,0,2017/4/11,2017/4/17
76.54,23.46,8.24,1.06,0,0,2017/4/4,2017/4/10
76.54,23.46,8.24,1.06,0,0,2017/3/28,2017/4/3
76.54,23.46,8.24,1.06,0,0,2017/3/21,2017/3/27
76.54,23.46,8.24,1.06,0,0,2017/3/14,2017/3/20
76.54,23.46,8.24,1.1,0,0,2017/3/7,2017/3/13
74.49,25.51,8.73,4.08,0,0,2017/2/28,2017/3/6
61.66,38.34,16.87,4.19,0,0,2017/2/21,2017/2/27
43.94,56.06,24.19,7.41,0.73,0,2017/2/14,2017/2/20
41.46,58.54,46.99,10.93,0.73,0,2017/2/7,2017/2/13
38.98,61.02,50.8,20.3,1.87,0,2017/1/31,2017/2/6
38.73,61.27,51.4,26.46,2.16,0,2017/1/24,2017/1/30
35.56,64.44,57.51,44.35,24.3,2.13,2017/1/17,2017/1/23
34.62,65.38,58.22,49.22,27.8,2.13,2017/1/10,2017/1/16
18.07,81.93,67.61,54.02,38.17,18.31,2017/1/3,2017/1/9
17.47,82.53,68.87,57.79,40.6,18.31,2016/12/27,2017/1/2
15.09,84.91,70.11,59.09,41.55,19.75,2016/12/20,2016/12/26
12.16,87.84,73.04,60.27,42.8,21.04,2016/12/13,2016/12/19
12.03,87.97,73.04,60.27,42.8,21.04,2016/12/6,2016/12/12
12.03,87.97,73.04,60.27,42.8,21.04,2016/11/29,2016/12/5
12.03,87.97,73.04,60.27,42.8,21.04,2016/11/22,2016/11/28
12.03,87.97,73.04,60.27,42.8,21.04,2016/11/15,2016/11/21
12.03,87.97,73.04,60.27,42.8,21.04,2016/11/8,2016/11/14
12.03,87.97,75.26,61.38,42.8,21.04,2016/11/1,2016/11/7
8.96,91.04,81.12,61.81,42.8,21.04,2016/10/25,2016/10/31
7.77,92.23,81.12,61.81,42.8,21.04,2016/10/18,2016/10/24
0,100,83.59,62.27,42.8,21.04,2016/10/11,2016/10/17
0,100,83.59,62.27,42.8,21.04,2016/10/4,2016/10/10
0,100,83.59,62.27,42.8,21.04,2016/9/27,2016/10/3
0,100,83.59,62.27,42.8,21.04,2016/9/20,2016/9/26
0,100,83.59,62.27,42.8,21.04,2016/9/13,2016/9/19
0,100,83.59,59.02,42.8,21.04,2016/9/6,2016/9/12
0,100,83.59,59.02,42.8,21.04,2016/8/30,2016/9/5
0,100,83.59,59.02,42.8,21.04,2016/8/23,2016/8/29
0,100,83.59,59.02,42.8,21.04,2016/8/16,2016/8/22
0,100,83.59,59.02,42.8,21.04,2016/8/9,2016/8/15
0,100,83.59,59.02,42.8,21.04,2016/8/2,2016/8/8
0,100,83.59,59.02,42.8,21.04,2016/7/26,2016/8/1
0,100,83.59,59.02,42.8,21.04,2016/7/19,2016/7/25
0,100,83.59,59.02,42.8,21.04,2016/7/12,2016/7/18
0,100,83.59,59.02,42.8,21.04,2016/7/5,2016/7/11
0,100,83.59,59.02,42.8,21.04,2016/6/28,2016/7/4
0,100,83.59,59.02,42.8,21.04,2016/6/21,2016/6/27
0,100,83.59,59.02,42.8,21.04,2016/6/14,2016/6/20
4.27,95.73,83.91,59.02,42.99,21.04,2016/6/7,2016/6/13
6.08,93.92,83.91,59.02,42.99,21.04,2016/5/31,2016/6/6
5.5,94.5,86.39,61,42.99,21.04,2016/5/24,2016/5/30
5.5,94.5,86.39,63.57,42.99,21.04,2016/5/17,2016/5/23
4.27,95.73,89.68,72.72,47.92,21.04,2016/5/10,2016/5/16
4.27,95.73,89.68,74.37,49.15,21.04,2016/5/3,2016/5/9
4.24,95.76,90.09,74.37,49.15,21.04,2016/4/26,2016/5/2
4.24,95.76,90.09,74.37,49.15,21.04,2016/4/19,2016/4/25
3.55,96.45,90.58,74.37,55.25,31.68,2016/4/12,2016/4/18
3.55,96.45,90.58,74.37,55.25,31.68,2016/4/5,2016/4/11
3.55,96.45,90.58,72.82,55.25,34.74,2016/3/29,2016/4/4
1.16,98.84,91.55,72.86,55.31,34.74,2016/3/22,2016/3/28
0.43,99.57,93.28,73.64,55.31,34.74,2016/3/15,2016/3/21
0.43,99.57,97.49,83.16,60.86,38.48,2016/3/8,2016/3/14
0.43,99.57,95.13,82.66,60.86,38.48,2016/3/1,2016/3/7
0.43,99.57,94.38,81.82,60.86,38.48,2016/2/23,2016/2/29
0.29,99.71,94.69,81.82,61.4,38.48,2016/2/16,2016/2/22
0.22,99.78,94.77,81.82,61.4,38.48,2016/2/9,2016/2/15
0,100,95.26,86.13,63.9,39.41,2016/2/2,2016/2/8
0,100,95.35,86.13,63.96,40.21,2016/1/26,2016/2/1
0,100,97.17,86.13,68.15,42.66,2016/1/19,2016/1/25
0,100,97.33,87.55,69.07,42.66,2016/1/12,2016/1/18
0,100,97.33,87.55,69.07,44.84,2016/1/5,2016/1/11
0,100,97.33,87.55,69.07,44.84,2015/12/29,2016/1/4
0,100,97.33,90.63,69.09,44.84,2015/12/22,2015/12/28
0.14,99.86,97.33,90.63,69.09,44.84,2015/12/15,2015/12/21
0.14,99.86,97.33,92.26,69.09,44.84,2015/12/8,2015/12/14
0.14,99.86,97.33,92.26,70.55,44.84,2015/12/1,2015/12/7
0.14,99.86,97.33,92.26,70.55,44.84,2015/11/24,2015/11/30
0.14,99.86,97.33,92.26,70.55,44.84,2015/11/17,2015/11/23
0.14,99.86,97.33,92.27,70.55,44.84,2015/11/10,2015/11/16
0.14,99.86,97.33,92.27,70.55,44.84,2015/11/3,2015/11/9
0.14,99.86,97.33,92.27,71.08,46,2015/10/27,2015/11/2
0.14,99.86,97.33,92.27,71.08,46,2015/10/20,2015/10/26
0.14,99.86,97.33,92.36,71.08,46,2015/10/13,2015/10/19
0.14,99.86,97.33,92.36,71.08,46,2015/10/6,2015/10/12
0.14,99.86,97.33,92.36,71.08,46,2015/9/29,2015/10/5
0.14,99.86,97.33,92.36,71.08,46,2015/9/22,2015/9/28
0.14,99.86,97.33,92.36,71.08,46,2015/9/15,2015/9/21
0.14,99.86,97.35,92.36,71.08,46,2015/9/8,2015/9/14
0.14,99.86,97.35,92.36,71.08,46,2015/9/1,2015/9/7
0.14,99.86,97.35,92.36,71.08,46,2015/8/25,2015/8/31
0.14,99.86,97.35,92.36,71.08,46,2015/8/18,2015/8/24
0.14,99.86,97.35,92.36,71.08,46,2015/8/11,2015/8/17
0.14,99.86,97.35,94.59,71.08,46,2015/8/4,2015/8/10
0.14,99.86,97.35,94.59,71.08,46,2015/7/28,2015/8/3
0.14,99.86,97.35,94.59,71.08,46,2015/7/21,2015/7/27
0.14,99.86,98.71,94.59,71.08,46,2015/7/14,2015/7/20
0.14,99.86,98.71,94.59,71.08,46.73,2015/7/7,2015/7/13
0.14,99.86,98.71,94.59,71.08,46.73,2015/6/30,2015/7/6
0.14,99.86,98.71,94.59,71.08,46.73,2015/6/23,2015/6/29
0.14,99.86,98.71,94.59,71.08,46.73,2015/6/16,2015/6/22
0.14,99.86,98.71,93.91,71.08,46.73,2015/6/9,2015/6/15
0.14,99.86,98.71,93.91,69.61,46.73,2015/6/2,2015/6/8
0.14,99.86,98.71,93.91,66.6,46.73,2015/5/26,2015/6/1
0.14,99.86,98.28,93.91,66.6,46.77,2015/5/19,2015/5/25
0.14,99.86,98.28,93.91,66.6,46.77,2015/5/12,2015/5/18
0.14,99.86,98.28,93.91,66.6,46.77,2015/5/5,2015/5/11
0.14,99.86,98.11,93.44,66.6,46.77,2015/4/28,2015/5/4
0.14,99.86,98.11,93.44,66.6,46.77,2015/4/21,2015/4/27
0.14,99.86,98.11,93.44,66.6,44.32,2015/4/14,2015/4/20
0.15,99.85,98.11,93.44,66.6,44.32,2015/4/7,2015/4/13
0.15,99.85,98.11,93.44,66.6,41.41,2015/3/31,2015/4/6
0.15,99.85,98.11,93.44,66.6,41.41,2015/3/24,2015/3/30
0.16,99.84,98.11,93.44,67.46,39.92,2015/3/17,2015/3/23
0.16,99.84,98.11,93.44,67.46,39.92,2015/3/10,2015/3/16
0.16,99.84,98.1,93.44,67.46,39.92,2015/3/3,2015/3/9
0.16,99.84,98.1,93.44,67.46,39.92,2015/2/24,2015/3/2
0.16,99.84,98.1,93.44,67.46,41.2,2015/2/17,2015/2/23
0.16,99.84,98.1,93.44,67.46,39.99,2015/2/10,2015/2/16
0.16,99.84,98.13,93.57,77.46,39.99,2015/2/3,2015/2/9
0,100,98.13,94.34,77.52,39.99,2015/1/27,2015/2/2
0,100,98.13,94.34,77.52,39.15,2015/1/20,2015/1/26
0,100,98.12,94.34,77.52,39.15,2015/1/13,2015/1/19
0,100,98.12,94.34,77.94,32.21,2015/1/6,2015/1/12
0,100,98.12,94.34,77.94,32.21,2014/12/30,2015/1/5
0,100,98.41,94.42,77.94,32.21,2014/12/23,2014/12/29
0,100,98.41,94.42,77.94,32.21,2014/12/16,2014/12/22
0,100,99.72,94.42,79.69,55.08,2014/12/9,2014/12/15
0,100,99.72,94.42,79.69,55.08,2014/12/2,2014/12/8
0,100,99.72,94.42,79.69,55.08,2014/11/25,2014/12/1
0,100,99.72,94.42,79.69,55.08,2014/11/18,2014/11/24
0,100,99.72,94.42,79.69,55.08,2014/11/11,2014/11/17
0,100,99.71,94.42,79.69,55.08,2014/11/4,2014/11/10
0,100,100,95.04,81.92,58.41,2014/10/28,2014/11/3
0,100,100,95.04,81.92,58.41,2014/10/21,2014/10/27
0,100,100,95.04,81.92,58.41,2014/10/14,2014/10/20
0,100,100,95.04,81.92,58.41,2014/10/7,2014/10/13
0,100,100,95.04,81.92,58.41,2014/9/30,2014/10/6
0,100,100,95.34,81.92,58.41,2014/9/23,2014/9/29
0,100,100,95.42,81.92,58.41,2014/9/16,2014/9/22
0,100,100,95.42,81.92,58.41,2014/9/9,2014/9/15
0,100,100,95.42,81.92,58.41,2014/9/2,2014/9/8
0,100,100,95.42,81.92,58.41,2014/8/26,2014/9/1
0,100,100,97.59,81.92,58.41,2014/8/19,2014/8/25
0,100,100,99.8,81.92,58.41,2014/8/12,2014/8/18
0,100,100,99.8,81.92,58.41,2014/8/5,2014/8/11
0,100,100,100,81.89,58.41,2014/7/29,2014/8/4
0,100,100,100,81.89,36.49,2014/7/22,2014/7/28
0,100,100,100,81.85,36.49,2014/7/15,2014/7/21
0,100,100,100,78.97,36.46,2014/7/8,2014/7/14
0,100,100,100,78.97,36.46,2014/7/1,2014/7/7
0,100,100,100,76.69,32.98,2014/6/24,2014/6/30
0,100,100,100,76.69,32.98,2014/6/17,2014/6/23
0,100,100,100,76.68,24.77,2014/6/10,2014/6/16
0,100,100,100,76.68,24.77,2014/6/3,2014/6/9
0,100,100,100,76.68,24.77,2014/5/27,2014/6/2
0,100,100,100,76.68,24.77,2014/5/20,2014/5/26
0,100,100,100,76.68,24.77,2014/5/13,2014/5/19
0,100,100,95.93,76.68,24.77,2014/5/6,2014/5/12
0,100,100,96.01,76.68,24.77,2014/4/29,2014/5/5
0,100,100,96.01,76.68,24.77,2014/4/22,2014/4/28
0,100,99.8,95.21,68.76,23.49,2014/4/15,2014/4/21
0,100,99.81,95.21,68.76,23.49,2014/4/8,2014/4/14
0,100,99.81,95.21,68.76,23.49,2014/4/1,2014/4/7
0,100,99.8,95.21,71.78,23.42,2014/3/25,2014/3/31
0.01,99.99,99.8,93.08,71.78,22.37,2014/3/18,2014/3/24
0.01,99.99,94.56,90.81,65.89,22.37,2014/3/11,2014/3/17
0,100,94.56,90.82,65.89,22.37,2014/3/4,2014/3/10
0,100,94.56,90.82,73.83,26.21,2014/2/25,2014/3/3
0,100,94.54,90.82,68.3,14.62,2014/2/18,2014/2/24
1.43,98.57,94.54,91.59,60.94,9.81,2014/2/11,2014/2/17
1.43,98.57,94.18,89.91,67.13,9.81,2014/2/4,2014/2/10
1.43,98.57,94.18,89.91,67.13,8.77,2014/1/28,2014/2/3
1.43,98.57,94.18,89.91,62.71,0,2014/1/21,2014/1/27
1.43,98.57,94.18,89.91,62.71,0,2014/1/14,2014/1/20
1.43,98.57,94.25,87.53,27.59,0,2014/1/7,2014/1/13
2.61,97.39,94.25,87.53,27.59,0,2013/12/31,2014/1/6
2.61,97.39,94.25,84.88,27.59,0,2013/12/24,2013/12/30
2.61,97.39,94.25,82.53,27.59,0,2013/12/17,2013/12/23
2.61,97.39,94.15,82.53,27.59,0,2013/12/10,2013/12/16
2.61,97.39,94.15,82.53,27.59,0,2013/12/3,2013/12/9
2.61,97.39,94.15,82.53,27.59,0,2013/11/26,2013/12/2
2.61,97.39,96,84.12,27.59,0,2013/11/19,2013/11/25
2.61,97.39,96,84.12,11.36,0,2013/11/12,2013/11/18
2.62,97.38,95.98,84.12,11.36,0,2013/11/5,2013/11/11
2.66,97.34,95.98,84.12,11.36,0,2013/10/29,2013/11/4
2.66,97.34,95.98,84.12,11.36,0,2013/10/22,2013/10/28
2.65,97.35,95.95,84.12,11.36,0,2013/10/15,2013/10/21
2.52,97.48,95.95,84.12,11.36,0,2013/10/8,2013/10/14
2.63,97.37,95.95,84.12,11.36,0,2013/10/1,2013/10/7
2.63,97.37,96.04,89.84,11.36,0,2013/9/24,2013/9/30
2.63,97.37,96.04,89.84,11.36,0,2013/9/17,2013/9/23
0,100,97.08,92.94,11.36,0,2013/9/10,2013/9/16
0,100,97.08,92.94,11.36,0,2013/9/3,2013/9/9
0,100,98.23,93.86,11.36,0,2013/8/27,2013/9/2
0,100,98.23,93.86,11.36,0,2013/8/20,2013/8/26
0,100,98.23,93.86,11.36,0,2013/8/13,2013/8/19
0,100,98.23,93.86,0,0,2013/8/6,2013/8/12
0,100,98.23,93.86,0,0,2013/7/30,2013/8/5
0,100,98.23,93.96,0,0,2013/7/23,2013/7/29
0,100,98.23,93.96,0,0,2013/7/16,2013/7/22
0,100,98.23,92.7,0,0,2013/7/9,2013/7/15
0,100,98.23,92.7,0,0,2013/7/2,2013/7/8
0,100,98.21,92.61,0,0,2013/6/25,2013/7/1
0,100,98.21,67.07,0,0,2013/6/18,2013/6/24
0,100,98.16,53.54,0,0,2013/6/11,2013/6/17
0,100,98.16,53.64,0,0,2013/6/4,2013/6/10
0,100,98.16,46.25,0,0,2013/5/28,2013/6/3
0,100,98.16,46.25,0,0,2013/5/21,2013/5/27
0,100,98.16,46.25,0,0,2013/5/14,2013/5/20
0,100,98.16,46.25,0,0,2013/5/7,2013/5/13
0,100,64.3,32.82,0,0,2013/4/30,2013/5/6
2.84,97.16,63.42,30,0,0,2013/4/23,2013/4/29
2.84,97.16,48.39,23.22,0,0,2013/4/16,2013/4/22
2.84,97.16,48.39,23.22,0,0,2013/4/9,2013/4/15
0,100,48.38,24.22,0,0,2013/4/2,2013/4/8
0,100,48.38,24.22,0,0,2013/3/26,2013/4/1
12.85,87.15,48.38,24.19,0,0,2013/3/19,2013/3/25
15.63,84.37,46.23,24.19,0,0,2013/3/12,2013/3/18
0.03,99.97,47.37,26.96,0,0,2013/3/5,2013/3/11
0.02,99.98,47.13,26.96,0,0,2013/2/26,2013/3/4
15.45,84.55,47.18,23.72,0,0,2013/2/19,2013/2/25
34.53,65.47,47.18,23.72,0,0,2013/2/12,2013/2/18
34.2,65.8,47.18,21.57,0,0,2013/2/5,2013/2/11
34.2,65.8,47.18,21.57,0,0,2013/1/29,2013/2/4
34.2,65.8,53.58,21.57,0,0,2013/1/22,2013/1/28
34.2,65.8,53.58,21.57,0,0,2013/1/15,2013/1/21
32.42,67.58,55.02,21.37,0,0,2013/1/8,2013/1/14
31.75,68.25,55.32,22.5,0,0,2013/1/1,2013/1/7
30.94,69.06,56.19,25.22,0.05,0,2012/12/25,2012/12/31
30.94,69.06,56.19,26.15,0.05,0,2012/12/18,2012/12/24
30.94,69.06,57.94,26.59,0.05,0,2012/12/11,2012/12/17
23.15,76.85,59.36,26.59,0.05,0,2012/12/4,2012/12/10
6.77,93.23,70.47,28.16,1.14,0,2012/11/27,2012/12/3
4.82,95.18,67.67,21.61,1.14,0,2012/11/20,2012/11/26
7.19,92.81,66.37,19.1,1.14,0,2012/11/13,2012/11/19
7.19,92.81,67.75,19.1,1.14,0,2012/11/6,2012/11/12
6.73,93.27,68.48,19.1,1.14,0,2012/10/30,2012/11/5
6.75,93.25,68.48,19.1,1.14,0,2012/10/23,2012/10/29
6.64,93.36,68.48,19.1,1.14,0,2012/10/16,2012/10/22
6.64,93.36,69.57,21.98,1.14,0,2012/10/9,2012/10/15
11.94,88.06,69.41,21.98,1.14,0,2012/10/2,2012/10/8
11.95,88.05,69.41,22.27,1.14,0,2012/9/25,2012/10/1
11.95,88.05,69.09,22.27,1.14,0,2012/9/18,2012/9/24
11.74,88.26,69.13,22.31,1.14,0,2012/9/11,2012/9/17
11.74,88.26,69.28,22.76,1.14,0,2012/9/4,2012/9/10
11.74,88.26,69.44,23.05,1.14,0,2012/8/28,2012/9/3
11.3,88.7,69.2,23.3,0.29,0,2012/8/21,2012/8/27
11.3,88.7,63.84,23.31,0.29,0,2012/8/14,2012/8/20
11.64,88.36,63.8,23.31,0.29,0,2012/8/7,2012/8/13
11.64,88.36,63.8,23.6,0.29,0,2012/7/31,2012/8/6
11.64,88.36,63.8,26.85,0.29,0,2012/7/24,2012/7/30
15.88,84.12,59.74,22.92,0,0,2012/7/17,2012/7/23
15.88,84.12,59.74,22.92,0,0,2012/7/10,2012/7/16
15.88,84.12,59.77,22.92,0,0,2012/7/3,2012/7/9
15.89,84.11,59.51,22.76,0,0,2012/6/26,2012/7/2
15.89,84.11,59.51,22.6,0,0,2012/6/19,2012/6/25
15.89,84.11,58.89,22.6,0,0,2012/6/12,2012/6/18
15.89,84.11,58.89,22.6,0,0,2012/6/5,2012/6/11
15.89,84.11,58.89,22.6,0,0,2012/5/29,2012/6/4
15.89,84.11,58.89,22.6,0,0,2012/5/22,2012/5/28
15.89,84.11,58.89,22.6,0,0,2012/5/15,2012/5/21
15.89,84.11,58.89,21.14,0,0,2012/5/8,2012/5/14
15.84,84.16,58.97,21.14,0,0,2012/5/1,2012/5/7
15.84,84.16,60.23,22.87,0,0,2012/4/24,2012/4/30
15.84,84.16,60.23,26.35,0,0,2012/4/17,2012/4/23
4.89,95.11,81.47,49,0,0,2012/4/10,2012/4/16
3.54,96.46,82.01,46.25,0,0,2012/4/3,2012/4/9
2.22,97.78,89.61,46.25,0,0,2012/3/27,2012/4/2
2.22,97.78,89.61,40.14,0,0,2012/3/20,2012/3/26
0.11,99.89,90.14,45.73,0,0,2012/3/13,2012/3/19
4.39,95.61,75.24,16.02,0,0,2012/3/6,2012/3/12
4.39,95.61,72.09,16.02,0,0,2012/2/28,2012/3/5
4.77,95.23,67.76,5.06,0,0,2012/2/21,2012/2/27
10.37,89.63,59.06,0,0,0,2012/2/14,2012/2/20
10.37,89.63,59.06,0,0,0,2012/2/7,2012/2/13
11.09,88.91,57.33,0,0,0,2012/1/31,2012/2/6
19.12,80.88,41.23,0,0,0,2012/1/24,2012/1/30
18.74,81.26,46.34,3.1,0,0,2012/1/17,2012/1/23
19.1,80.9,46.34,3.1,0,0,2012/1/10,2012/1/16
29.91,70.09,46.34,0,0,0,2012/1/3,2012/1/9
33.91,66.09,5.41,0,0,0,2011/12/27,2012/1/2
71.58,28.42,0,0,0,0,2011/12/20,2011/12/26
74.32,25.68,0,0,0,0,2011/12/13,2011/12/19
82.53,17.47,0,0,0,0,2011/12/6,2011/12/12
88.32,11.68,0,0,0,0,2011/11/29,2011/12/5
88.42,11.58,0,0,0,0,2011/11/22,2011/11/28
88.42,11.58,0,0,0,0,2011/11/15,2011/11/21
88.51,11.49,0,0,0,0,2011/11/8,2011/11/14
89.22,10.78,0,0,0,0,2011/11/1,2011/11/7
89.25,10.75,0,0,0,0,2011/10/25,2011/10/31
89.25,10.75,0,0,0,0,2011/10/18,2011/10/24
89.25,10.75,0,0,0,0,2011/10/11,2011/10/17
89.25,10.75,0,0,0,0,2011/10/4,2011/10/10
89.14,10.86,0,0,0,0,2011/9/27,2011/10/3
89.14,10.86,0,0,0,0,2011/9/20,2011/9/26
87.36,12.64,0,0,0,0,2011/9/13,2011/9/19
87.55,12.45,0,0,0,0,2011/9/6,2011/9/12
92.14,7.86,0,0,0,0,2011/8/30,2011/9/5
92.12,7.88,0,0,0,0,2011/8/23,2011/8/29
92.12,7.88,0,0,0,0,2011/8/16,2011/8/22
85.34,14.66,0,0,0,0,2011/8/9,2011/8/15
85.34,14.66,0,0,0,0,2011/8/2,2011/8/8
85.34,14.66,0,0,0,0,2011/7/26,2011/8/1
85.34,14.66,0,0,0,0,2011/7/19,2011/7/25
87.87,12.13,0,0,0,0,2011/7/12,2011/7/18
87.71,12.29,0,0,0,0,2011/7/5,2011/7/11
87.71,12.29,0,0,0,0,2011/6/28,2011/7/4
99.99,0.01,0,0,0,0,2011/6/21,2011/6/27
99.99,0.01,0,0,0,0,2011/6/14,2011/6/20
99.99,0.01,0,0,0,0,2011/6/7,2011/6/13
99.99,0.01,0,0,0,0,2011/5/31,2011/6/6
99.99,0.01,0,0,0,0,2011/5/24,2011/5/30
99.99,0.01,0,0,0,0,2011/5/17,2011/5/23
99.99,0.01,0,0,0,0,2011/5/10,2011/5/16
99.99,0.01,0,0,0,0,2011/5/3,2011/5/9
99.99,0.01,0,0,0,0,2011/4/26,2011/5/2
99.99,0.01,0,0,0,0,2011/4/19,2011/4/25
99.99,0.01,0,0,0,0,2011/4/12,2011/4/18
99.99,0.01,0,0,0,0,2011/4/5,2011/4/11
99.94,0.06,0,0,0,0,2011/3/29,2011/4/4
96.87,3.13,0,0,0,0,2011/3/22,2011/3/28
94.2,5.8,0,0,0,0,2011/3/15,2011/3/21
94.2,5.8,0,0,0,0,2011/3/8,2011/3/14
99.94,0.06,0,0,0,0,2011/3/1,2011/3/7
99.94,0.06,0,0,0,0,2011/2/22,2011/2/28
77.34,22.66,0,0,0,0,2011/2/15,2011/2/21
77.34,22.66,0,0,0,0,2011/2/8,2011/2/14
99.94,0.06,0,0,0,0,2011/2/1,2011/2/7
99.94,0.06,0,0,0,0,2011/1/25,2011/1/31
99.94,0.06,0,0,0,0,2011/1/18,2011/1/24
99.93,0.07,0,0,0,0,2011/1/11,2011/1/17
98.62,1.38,0,0,0,0,2011/1/4,2011/1/10
98.62,1.38,0,0,0,0,2010/12/28,2011/1/3
94.86,5.14,0,0,0,0,2010/12/21,2010/12/27
79.56,20.44,1.25,0,0,0,2010/12/14,2010/12/20
78.93,21.07,2.14,0,0,0,2010/12/7,2010/12/13
81.67,18.33,2.41,0,0,0,2010/11/30,2010/12/6
90.14,9.86,2.41,0,0,0,2010/11/23,2010/11/29
90.14,9.86,4.62,0.19,0,0,2010/11/16,2010/11/22
90.14,9.86,4.62,0.19,0,0,2010/11/9,2010/11/15
90.14,9.86,4.62,0.19,0,0,2010/11/2,2010/11/8
90.14,9.86,4.62,0.19,0,0,2010/10/26,2010/11/1
88.08,11.92,6.07,0.24,0,0,2010/10/19,2010/10/25
88.08,11.92,6.07,0.24,0,0,2010/10/12,2010/10/18
85.44,14.56,8.08,0.24,0,0,2010/10/5,2010/10/11
85.44,14.56,8.08,0.24,0,0,2010/9/28,2010/10/4
85.44,14.56,8.08,0.24,0,0,2010/9/21,2010/9/27
85.44,14.56,8.08,0.24,0,0,2010/9/14,2010/9/20
85.44,14.56,8.08,0.24,0,0,2010/9/7,2010/9/13
85.44,14.56,8.08,0.24,0,0,2010/8/31,2010/9/6
85.44,14.56,8.08,0.24,0,0,2010/8/24,2010/8/30
85.44,14.56,8.08,0.24,0,0,2010/8/17,2010/8/23
85.44,14.56,8.08,0.24,0,0,2010/8/10,2010/8/16
85.44,14.56,8.08,0.24,0,0,2010/8/3,2010/8/9
87.46,12.54,8.08,0.24,0,0,2010/7/27,2010/8/2
87.79,12.21,8.08,0.24,0,0,2010/7/20,2010/7/26
87.97,12.03,8.08,0.24,0,0,2010/7/13,2010/7/19
87.97,12.03,8.08,0.24,0,0,2010/7/6,2010/7/12
87.97,12.03,8.08,0.24,0,0,2010/6/29,2010/7/5
87.97,12.03,8.08,0.24,0,0,2010/6/22,2010/6/28
87.97,12.03,8.08,0.24,0,0,2010/6/15,2010/6/21
87.97,12.03,8.08,5.97,0,0,2010/6/8,2010/6/14
87.02,12.98,8.08,5.97,0,0,2010/6/1,2010/6/7
87.02,12.98,8.08,5.97,0,0,2010/5/25,2010/5/31
81.3,18.7,8.58,6.96,0,0,2010/5/18,2010/5/24
72.69,27.31,9.13,7.09,0,0,2010/5/11,2010/5/17
72.82,27.18,9.89,7.1,0,0,2010/5/4,2010/5/10
72.82,27.18,9.89,7.1,0,0,2010/4/27,2010/5/3
67.61,32.39,9.89,7.1,0,0,2010/4/20,2010/4/26
67.76,32.24,9.89,7.1,0,0,2010/4/13,2010/4/19
63.21,36.79,9.89,7.1,0,0,2010/4/6,2010/4/12
63.24,36.76,9.91,7.1,0,0,2010/3/30,2010/4/5
64.29,35.71,9.91,7.1,0,0,2010/3/23,2010/3/29
66.08,33.92,10.14,6.75,0,0,2010/3/16,2010/3/22
66.67,33.33,10.91,5.88,0,0,2010/3/9,2010/3/15
64.59,35.41,10.72,4.28,0,0,2010/3/2,2010/3/8
64.59,35.41,10.72,4.28,0,0,2010/2/23,2010/3/1
64.05,35.95,10.98,4.28,0,0,2010/2/16,2010/2/22
44.32,55.68,10.98,2.19,0,0,2010/2/9,2010/2/15
43.19,56.81,18.75,2.19,0,0,2010/2/2,2010/2/8
42.61,57.39,19.41,2.19,0,0,2010/1/26,2010/2/1
7.94,92.06,63.2,13.98,0,0,2010/1/19,2010/1/25
6.56,93.44,72.94,21.22,0,0,2010/1/12,2010/1/18
6.56,93.44,72.75,9.04,0,0,2010/1/5,2010/1/11
6.56,93.44,72.16,9.24,0,0,2009/12/29,2010/1/4
6.56,93.44,72.16,9.24,0,0,2009/12/22,2009/12/28
6.56,93.44,72.16,9.24,0,0,2009/12/15,2009/12/21
7.72,92.28,74.05,17.26,0,0,2009/12/8,2009/12/14
7.72,92.28,74.05,17.26,0,0,2009/12/1,2009/12/7
8.4,91.6,73.62,17.26,0,0,2009/11/24,2009/11/30
7.59,92.41,77.32,17.7,0,0,2009/11/17,2009/11/23
7.59,92.41,77.32,17.7,0,0,2009/11/10,2009/11/16
7.59,92.41,77.35,17.7,0,0,2009/11/3,2009/11/9
9.09,90.91,62.51,17.7,0,0,2009/10/27,2009/11/2
10.59,89.41,61.23,17.7,0,0,2009/10/20,2009/10/26
0,100,73.44,45.82,0,0,2009/10/13,2009/10/19
0,100,73.44,45.82,0,0,2009/10/6,2009/10/12
0,100,73.44,45.82,0,0,2009/9/29,2009/10/5
0,100,73.44,45.82,0,0,2009/9/22,2009/9/28
0,100,73.44,45.82,0,0,2009/9/15,2009/9/21
0,100,73.44,45.82,0,0,2009/9/8,2009/9/14
0,100,73.44,45.82,0,0,2009/9/1,2009/9/7
0.02,99.98,72.86,42.8,0,0,2009/8/25,2009/8/31
0.02,99.98,72.86,42.8,0,0,2009/8/18,2009/8/24
0.8,99.2,72.86,42.8,0,0,2009/8/11,2009/8/17
0.78,99.22,72.86,44.26,0,0,2009/8/4,2009/8/10
2.47,97.53,72.86,44.26,0,0,2009/7/28,2009/8/3
2.47,97.53,72.86,44.26,0,0,2009/7/21,2009/7/27
2.47,97.53,72.86,44.26,0,0,2009/7/14,2009/7/20
2.47,97.53,72.86,44.26,0,0,2009/7/7,2009/7/13
2.86,97.14,72.01,44.26,0,0,2009/6/30,2009/7/6
2.86,97.14,72.01,44.26,0,0,2009/6/23,2009/6/29
2.81,97.19,72.01,44.26,0,0,2009/6/16,2009/6/22
2.72,97.28,72,44.26,0,0,2009/6/9,2009/6/15
2.72,97.28,72.32,44.25,0,0,2009/6/2,2009/6/8
3.62,96.38,72.11,35.29,0,0,2009/5/26,2009/6/1
3.62,96.38,72.11,35.29,0,0,2009/5/19,2009/5/25
3.65,96.35,72.11,35.29,0,0,2009/5/12,2009/5/18
3.65,96.35,72.11,35.29,0,0,2009/5/5,2009/5/11
3.65,96.35,73,38.81,0,0,2009/4/28,2009/5/4
3.65,96.35,73,38.81,0,0,2009/4/21,2009/4/27
5.15,94.85,62.69,35.49,0,0,2009/4/14,2009/4/20
5.15,94.85,62.69,35.49,0,0,2009/4/7,2009/4/13
5.15,94.85,63.83,22.53,0,0,2009/3/31,2009/4/6
5.15,94.85,63.83,22.53,0,0,2009/3/24,2009/3/30
5.15,94.85,63.83,22.5,0,0,2009/3/17,2009/3/23
5.15,94.85,62.32,22.5,0,0,2009/3/10,2009/3/16
5.15,94.85,70.73,41.84,4.37,0,2009/3/3,2009/3/9
5.15,94.85,70.73,49.69,14.78,0,2009/2/24,2009/3/2
5.15,94.85,70.73,50.06,16.7,0,2009/2/17,2009/2/23
0.9,99.1,78.76,54.7,19,0,2009/2/10,2009/2/16
0.77,99.23,89.43,54.7,19.01,0,2009/2/3,2009/2/9
1.23,98.77,88.21,48.9,15.94,0,2009/1/27,2009/2/2
1.71,98.29,88.21,48.9,12.97,0,2009/1/20,2009/1/26
1.71,98.29,88.21,44.08,2.77,0,2009/1/13,2009/1/19
1.71,98.29,88.21,41.26,2.77,0,2009/1/6,2009/1/12
1.69,98.31,88.21,43.02,2.77,0,2008/12/30,2009/1/5
0.07,99.93,88.79,43.02,2.77,0,2008/12/23,2008/12/29
0,100,93.97,50.72,5.83,0,2008/12/16,2008/12/22
0,100,87.41,49.19,3.21,0,2008/12/9,2008/12/15
0,100,86.02,41.34,0,0,2008/12/2,2008/12/8
4.71,95.29,86.02,41.34,0,0,2008/11/25,2008/12/1
4.71,95.29,86.02,41.34,0,0,2008/11/18,2008/11/24
4.71,95.29,86.02,41.34,0,0,2008/11/11,2008/11/17
0,100,90.51,40.37,0,0,2008/11/4,2008/11/10
0,100,93.55,55.56,0,0,2008/10/28,2008/11/3
0,100,93.48,55.62,0,0,2008/10/21,2008/10/27
0.05,99.95,95.81,55.11,0,0,2008/10/14,2008/10/20
0.04,99.96,95.9,55,0,0,2008/10/7,2008/10/13
0.04,99.96,95.9,55.23,2.05,0,2008/9/30,2008/10/6
0.04,99.96,95.9,55.23,2.05,0,2008/9/23,2008/9/29
0.04,99.96,95.9,48.77,0,0,2008/9/16,2008/9/22
0.04,99.96,95.9,48.77,0,0,2008/9/9,2008/9/15
0.04,99.96,98.43,44.47,0,0,2008/9/2,2008/9/8
0.04,99.96,97.69,43.08,0,0,2008/8/26,2008/9/1
0.04,99.96,96.88,41.38,0,0,2008/8/19,2008/8/25
0.04,99.96,88.88,38.7,0,0,2008/8/12,2008/8/18
0.06,99.94,88.88,38.7,0,0,2008/8/5,2008/8/11
0.06,99.94,88.88,38.7,0,0,2008/7/29,2008/8/4
0.12,99.88,88.88,16.57,0,0,2008/7/22,2008/7/28
0.06,99.94,89.2,18.07,0,0,2008/7/15,2008/7/21
0.14,99.86,89.2,18.07,0,0,2008/7/8,2008/7/14
0.14,99.86,89.2,18.07,0,0,2008/7/1,2008/7/7
0.14,99.86,89.2,18.07,0,0,2008/6/24,2008/6/30
0.17,99.83,89.2,18.07,0,0,2008/6/17,2008/6/23
4.69,95.31,63.74,9.26,0,0,2008/6/10,2008/6/16
4.78,95.22,63.74,9.26,0,0,2008/6/3,2008/6/9
8.9,91.1,47.51,9.26,0,0,2008/5/27,2008/6/2
7.75,92.25,48.43,9.26,0,0,2008/5/20,2008/5/26
7.75,92.25,48.43,9.26,0,0,2008/5/13,2008/5/19
7.73,92.27,48.43,9.26,0,0,2008/5/6,2008/5/12
7.29,92.71,45.66,9.26,0,0,2008/4/29,2008/5/5
24.58,75.42,39.61,5.45,0,0,2008/4/22,2008/4/28
24.58,75.42,39.61,5.45,0,0,2008/4/15,2008/4/21
36.77,63.23,39.61,5.45,0,0,2008/4/8,2008/4/14
44.52,55.48,31.58,3.83,0,0,2008/4/1,2008/4/7
44.52,55.48,30.08,3.88,0,0,2008/3/25,2008/3/31
44.52,55.48,34.28,13.33,0,0,2008/3/18,2008/3/24
44.52,55.48,34.28,13.33,0,0,2008/3/11,2008/3/17
44.52,55.48,34.28,13.33,0,0,2008/3/4,2008/3/10
44.52,55.48,34.28,13.33,0,0,2008/2/26,2008/3/3
18.27,81.73,37.46,14.06,0,0,2008/2/19,2008/2/25
18.27,81.73,37.37,14.06,0,0,2008/2/12,2008/2/18
18.23,81.77,36.63,14.06,0,0,2008/2/5,2008/2/11
18.23,81.77,41.6,14.83,0,0,2008/1/29,2008/2/4
11.36,88.64,79.85,32.8,0,0,2008/1/22,2008/1/28
11.36,88.64,79.77,32.8,0,0,2008/1/15,2008/1/21
11.36,88.64,79.77,31.56,0,0,2008/1/8,2008/1/14
8.87,91.13,84.7,58.04,14.55,0,2008/1/1,2008/1/7
8.87,91.13,84.7,58.04,14.54,0,2007/12/25,2007/12/31
8.87,91.13,84.7,58.04,14.54,0,2007/12/18,2007/12/24
8.87,91.13,84.83,58.04,14.55,0,2007/12/11,2007/12/17
8.87,91.13,84.83,58.04,14.53,0,2007/12/4,2007/12/10
8.87,91.13,84.83,58.02,33.68,0,2007/11/27,2007/12/3
8.87,91.13,84.83,58.02,33.68,0,2007/11/20,2007/11/26
8.87,91.13,84.83,58.02,33.67,0,2007/11/13,2007/11/19
8.87,91.13,84.83,58.3,33.69,0,2007/11/6,2007/11/12
8.87,91.13,84.83,58.3,33.68,0,2007/10/30,2007/11/5
5.61,94.39,86.09,64.62,33.74,0,2007/10/23,2007/10/29
1.17,98.83,92.56,64.62,33.76,0,2007/10/16,2007/10/22
0.1,99.9,92.56,64.62,33.75,0,2007/10/9,2007/10/15
0,100,92.56,64.62,33.76,0,2007/10/2,2007/10/8
0,100,92.56,64.62,33.76,0,2007/9/25,2007/10/1
0,100,92.56,65.34,35.23,0,2007/9/18,2007/9/24
0,100,92.56,65.34,35.22,0,2007/9/11,2007/9/17
0,100,92.56,65.34,35.22,0,2007/9/4,2007/9/10
0,100,92.56,65.34,35.21,0,2007/8/28,2007/9/3
0,100,92.32,65.34,35.23,0,2007/8/21,2007/8/27
0,100,92.32,65.34,35.23,0,2007/8/14,2007/8/20
0,100,92.32,65.34,35.15,0,2007/8/7,2007/8/13
0,100,92.32,65.34,35.15,0,2007/7/31,2007/8/6
0,100,92.32,65.34,35.15,0,2007/7/24,2007/7/30
0,100,92.32,65.34,35.15,0,2007/7/17,2007/7/23
0,100,92.32,65.34,35.15,0,2007/7/10,2007/7/16
0,100,92.32,65.34,35.14,0,2007/7/3,2007/7/9
0,100,92.32,65.34,34.31,0,2007/6/26,2007/7/2
0,100,92.32,65.34,34.31,0,2007/6/19,2007/6/25
3.31,96.69,92.32,65.34,34.4,0,2007/6/12,2007/6/18
3.31,96.69,92.32,65.34,34.4,0,2007/6/5,2007/6/11
3.31,96.69,92.32,65.34,34.4,0,2007/5/29,2007/6/4
3.31,96.69,92.06,65.34,34.39,0,2007/5/22,2007/5/28
3.31,96.69,89.76,60.45,28.65,0,2007/5/15,2007/5/21
7.51,92.49,82.35,51.64,28.65,0,2007/5/8,2007/5/14
7.51,92.49,82.35,51.64,28.65,0,2007/5/1,2007/5/7
7.75,92.25,82.43,51.64,28.65,0,2007/4/24,2007/4/30
3.77,96.23,87.3,56.13,28.65,0,2007/4/17,2007/4/23
5.3,94.7,82.27,38.57,21.32,0,2007/4/10,2007/4/16
8.52,91.48,63.02,33.01,21.32,0,2007/4/3,2007/4/9
19.95,80.05,60.74,33.69,21.32,0,2007/3/27,2007/4/2
25.44,74.56,59.6,32.59,21.23,0,2007/3/20,2007/3/26
25.41,74.59,59.37,32.59,21.23,0,2007/3/13,2007/3/19
25.41,74.59,54.02,28.8,0,0,2007/3/6,2007/3/12
25.41,74.59,54.02,28.8,0,0,2007/2/27,2007/3/5
15.18,84.82,59.19,29.64,0,0,2007/2/20,2007/2/26
24.95,75.05,54.44,29.73,0,0,2007/2/13,2007/2/19
9.64,90.36,61.27,24.23,0,0,2007/2/6,2007/2/12
9.82,90.18,61.27,22.87,0,0,2007/1/30,2007/2/5
10.72,89.28,46.97,17.72,0,0,2007/1/23,2007/1/29
34.97,65.03,27.15,2.62,0,0,2007/1/16,2007/1/22
34.97,65.03,27.15,2.62,0,0,2007/1/9,2007/1/15
40.73,59.27,26.77,0,0,0,2007/1/2,2007/1/8
40.35,59.65,11.64,0,0,0,2006/12/26,2007/1/1
40.35,59.65,11.64,0,0,0,2006/12/19,2006/12/25
49.79,50.21,0.79,0,0,0,2006/12/12,2006/12/18
44.03,55.97,0.79,0,0,0,2006/12/5,2006/12/11
77.72,22.28,0.82,0,0,0,2006/11/28,2006/12/4
77.64,22.36,0.82,0,0,0,2006/11/21,2006/11/27
84.57,15.43,0.82,0,0,0,2006/11/14,2006/11/20
84.57,15.43,0.82,0,0,0,2006/11/7,2006/11/13
84.57,15.43,0.82,0,0,0,2006/10/31,2006/11/6
84.57,15.43,0.82,0,0,0,2006/10/24,2006/10/30
84.57,15.43,0.82,0,0,0,2006/10/17,2006/10/23
85.15,14.85,0.82,0,0,0,2006/10/10,2006/10/16
85.15,14.85,0.82,0,0,0,2006/10/3,2006/10/9
84.97,15.03,0.82,0,0,0,2006/9/26,2006/10/2
84.97,15.03,0.82,0,0,0,2006/9/19,2006/9/25
84.97,15.03,2.62,0.13,0,0,2006/9/12,2006/9/18
84.79,15.21,2.62,0.13,0,0,2006/9/5,2006/9/11
93.23,6.77,0.05,0,0,0,2006/8/29,2006/9/4
93.03,6.97,0.06,0,0,0,2006/8/22,2006/8/28
92.27,7.73,0.16,0,0,0,2006/8/15,2006/8/21
92.27,7.73,0.12,0,0,0,2006/8/8,2006/8/14
92.27,7.73,0.12,0,0,0,2006/8/1,2006/8/7
92.27,7.73,0.12,0,0,0,2006/7/25,2006/7/31
92.27,7.73,0.12,0,0,0,2006/7/18,2006/7/24
92,8,0.12,0,0,0,2006/7/11,2006/7/17
91.7,8.3,0.07,0,0,0,2006/7/4,2006/7/10
91.76,8.24,0.07,0,0,0,2006/6/27,2006/7/3
92.46,7.54,0.07,0,0,0,2006/6/20,2006/6/26
92.46,7.54,0.07,0,0,0,2006/6/13,2006/6/19
92.46,7.54,0.07,0,0,0,2006/6/6,2006/6/12
92.46,7.54,0.07,0,0,0,2006/5/30,2006/6/5
92.36,7.64,0.07,0,0,0,2006/5/23,2006/5/29
92.36,7.64,0.07,0,0,0,2006/5/16,2006/5/22
92.36,7.64,0,0,0,0,2006/5/9,2006/5/15
92.36,7.64,0.01,0,0,0,2006/5/2,2006/5/8
92.92,7.08,0.16,0,0,0,2006/4/25,2006/5/1
92.92,7.08,0.16,0,0,0,2006/4/18,2006/4/24
92.92,7.08,0.16,0,0,0,2006/4/11,2006/4/17
92.47,7.53,0.16,0,0,0,2006/4/4,2006/4/10
91.62,8.38,0.55,0,0,0,2006/3/28,2006/4/3
83.59,16.41,0.55,0,0,0,2006/3/21,2006/3/27
83.59,16.41,0.52,0,0,0,2006/3/14,2006/3/20
78.18,21.82,0.52,0,0,0,2006/3/7,2006/3/13
75.86,24.14,0.48,0,0,0,2006/2/28,2006/3/6
84.21,15.79,0,0,0,0,2006/2/21,2006/2/27
86.59,13.41,0,0,0,0,2006/2/14,2006/2/20
86.68,13.32,0,0,0,0,2006/2/7,2006/2/13
97.08,2.92,0,0,0,0,2006/1/31,2006/2/6
97.08,2.92,0,0,0,0,2006/1/24,2006/1/30
97.08,2.92,0,0,0,0,2006/1/17,2006/1/23
96.6,3.4,0,0,0,0,2006/1/10,2006/1/16
98.32,1.68,0,0,0,0,2006/1/3,2006/1/9
93.91,6.09,0,0,0,0,2005/12/27,2006/1/2
93.69,6.31,0,0,0,0,2005/12/20,2005/12/26
90.03,9.97,0,0,0,0,2005/12/13,2005/12/19
90.03,9.97,0,0,0,0,2005/12/6,2005/12/12
75.23,24.77,0,0,0,0,2005/11/29,2005/12/5
99.66,0.34,0,0,0,0,2005/11/22,2005/11/28
99.66,0.34,0,0,0,0,2005/11/15,2005/11/21
99.66,0.34,0,0,0,0,2005/11/8,2005/11/14
99.58,0.42,0,0,0,0,2005/11/1,2005/11/7
99.58,0.42,0,0,0,0,2005/10/25,2005/10/31
99.58,0.42,0,0,0,0,2005/10/18,2005/10/24
99.58,0.42,0,0,0,0,2005/10/11,2005/10/17
99.58,0.42,0,0,0,0,2005/10/4,2005/10/10
99.58,0.42,0,0,0,0,2005/9/27,2005/10/3
99.41,0.59,0.05,0,0,0,2005/9/20,2005/9/26
99.2,0.8,0.06,0,0,0,2005/9/13,2005/9/19
99.2,0.8,0.06,0,0,0,2005/9/6,2005/9/12
98.84,1.16,0.06,0,0,0,2005/8/30,2005/9/5
98.85,1.15,0.06,0,0,0,2005/8/23,2005/8/29
99.04,0.96,0.06,0,0,0,2005/8/16,2005/8/22
99.03,0.97,0.06,0,0,0,2005/8/9,2005/8/15
98.96,1.04,0.06,0,0,0,2005/8/2,2005/8/8
99.01,0.99,0.06,0,0,0,2005/7/26,2005/8/1
99.01,0.99,0.06,0,0,0,2005/7/19,2005/7/25
99.01,0.99,0.06,0,0,0,2005/7/12,2005/7/18
99.01,0.99,0.06,0,0,0,2005/7/5,2005/7/11
99.01,0.99,0.06,0,0,0,2005/6/28,2005/7/4
98.71,1.29,0.06,0,0,0,2005/6/21,2005/6/27
98.48,1.52,0.06,0,0,0,2005/6/14,2005/6/20
98.48,1.52,0.06,0,0,0,2005/6/7,2005/6/13
98.48,1.52,0.06,0,0,0,2005/5/31,2005/6/6
98.48,1.52,0.06,0,0,0,2005/5/24,2005/5/30
98.48,1.52,0.06,0,0,0,2005/5/17,2005/5/23
97,3,1.09,0,0,0,2005/5/10,2005/5/16
95.53,4.47,2.09,0,0,0,2005/5/3,2005/5/9
96.16,3.84,2.09,0,0,0,2005/4/26,2005/5/2
96.16,3.84,2.09,0,0,0,2005/4/19,2005/4/25
95.46,4.54,2.64,0.04,0,0,2005/4/12,2005/4/18
94.54,5.46,2.63,0.04,0,0,2005/4/5,2005/4/11
95.35,4.65,2.87,0.21,0,0,2005/3/29,2005/4/4
87.97,12.03,3,0.21,0,0,2005/3/22,2005/3/28
87.97,12.03,3,0.21,0,0,2005/3/15,2005/3/21
90.12,9.88,1.3,0,0,0,2005/3/8,2005/3/14
90.4,9.6,1.22,0,0,0,2005/3/1,2005/3/7
88.57,11.43,1.22,0,0,0,2005/2/22,2005/2/28
88.57,11.43,1.22,0,0,0,2005/2/15,2005/2/21
89.8,10.2,4.1,0,0,0,2005/2/8,2005/2/14
88.93,11.07,4.1,0,0,0,2005/2/1,2005/2/7
88.24,11.76,4.1,0.21,0,0,2005/1/25,2005/1/31
88.37,11.63,4.1,0.21,0,0,2005/1/18,2005/1/24
83.4,16.6,4.1,0.21,0,0,2005/1/11,2005/1/17
69.05,30.95,7.85,1.77,0,0,2005/1/4,2005/1/10
40.45,59.55,28.85,3.98,0,0,2004/12/28,2005/1/3
32.23,67.77,29.37,3.98,0,0,2004/12/21,2004/12/27
32.23,67.77,29.37,3.98,0,0,2004/12/14,2004/12/20
26.62,73.38,29.37,4.84,0,0,2004/12/7,2004/12/13
26.46,73.54,30.21,8.64,0,0,2004/11/30,2004/12/6
24.23,75.77,31.28,8.3,0,0,2004/11/23,2004/11/29
24.23,75.77,31.28,8.3,0,0,2004/11/16,2004/11/22
20.84,79.16,31.28,8.3,0,0,2004/11/9,2004/11/15
18.41,81.59,31.28,10.42,0,0,2004/11/2,2004/11/8
18.23,81.77,40.55,10.42,0,0,2004/10/26,2004/11/1
12.21,87.79,55.82,18.25,0,0,2004/10/19,2004/10/25
5.41,94.59,61.09,21.1,0,0,2004/10/12,2004/10/18
5.41,94.59,61.09,21.1,0,0,2004/10/5,2004/10/11
5.41,94.59,61.09,21.1,0,0,2004/9/28,2004/10/4
5.26,94.74,61.09,21.1,0,0,2004/9/21,2004/9/27
5.35,94.65,61.09,21.1,0,0,2004/9/14,2004/9/20
5.2,94.8,61.29,22.45,0,0,2004/9/7,2004/9/13
5.1,94.9,61.29,22.45,0,0,2004/8/31,2004/9/6
10.63,89.37,60.59,21.79,0,0,2004/8/24,2004/8/30
10.62,89.38,60.59,21.79,0,0,2004/8/17,2004/8/23
10.62,89.38,60.59,25.3,0,0,2004/8/10,2004/8/16
15.64,84.36,52.05,14.97,0,0,2004/8/3,2004/8/9
14.81,85.19,52.05,14.97,0,0,2004/7/27,2004/8/2
14.81,85.19,52.02,9.89,0,0,2004/7/20,2004/7/26
14.81,85.19,52.05,8.32,0,0,2004/7/13,2004/7/19
14.81,85.19,52.05,8.32,0,0,2004/7/6,2004/7/12
14.64,85.36,50.9,7.57,0,0,2004/6/29,2004/7/5
17.95,82.05,50.66,7.57,0,0,2004/6/22,2004/6/28
17.67,82.33,50.41,7.67,0,0,2004/6/15,2004/6/21
17.67,82.33,50.41,7.67,0,0,2004/6/8,2004/6/14
18.39,81.61,50.36,6.66,0,0,2004/6/1,2004/6/7
16.9,83.1,48.33,6.96,0,0,2004/5/25,2004/5/31
17.07,82.93,46.06,6.96,0,0,2004/5/18,2004/5/24
17.07,82.93,46.06,6.96,0,0,2004/5/11,2004/5/17
16.81,83.19,46.06,6.96,0,0,2004/5/4,2004/5/10
29.2,70.8,22.67,6.96,0,0,2004/4/27,2004/5/3
31.64,68.36,19.01,5.78,0,0,2004/4/20,2004/4/26
31.64,68.36,19.01,5.78,0,0,2004/4/13,2004/4/19
62.08,37.92,16.45,5.43,0,0,2004/4/6,2004/4/12
61.85,38.15,17.16,7.94,0,0,2004/3/30,2004/4/5
74,26,17.16,7.94,0,0,2004/3/23,2004/3/29
74,26,17.16,7.94,0,0,2004/3/16,2004/3/22
74,26,17.16,7.94,0,0,2004/3/9,2004/3/15
74,26,17.16,7.94,0,0,2004/3/2,2004/3/8
70.62,29.38,17.2,7.78,0,0,2004/2/24,2004/3/1
67.47,32.53,17.2,7.78,0,0,2004/2/17,2004/2/23
67.47,32.53,17.2,7.78,0,0,2004/2/10,2004/2/16
67.18,32.82,17.3,7.79,0,0,2004/2/3,2004/2/9
67.18,32.82,17.3,7.67,0,0,2004/1/27,2004/2/2
66.01,33.99,18.38,7.67,0,0,2004/1/20,2004/1/26
65.27,34.73,23.23,9.51,0,0,2004/1/13,2004/1/19
69.55,30.45,20.28,8.05,0,0,2004/1/6,2004/1/12
67.34,32.66,20.28,9.47,0,0,2003/12/30,2004/1/5
47.84,52.16,32.06,9.8,0.01,0,2003/12/23,2003/12/29
48.91,51.09,30.57,9.75,0.02,0,2003/12/16,2003/12/22
47.46,52.54,29.64,8.86,0.01,0,2003/12/9,2003/12/15
43.73,56.27,30.7,9.84,0,0,2003/12/2,2003/12/8
46.19,53.81,30.69,10.91,0,0,2003/11/25,2003/12/1
44.56,55.44,32.1,11.56,0.03,0,2003/11/18,2003/11/24
45.87,54.13,31.34,10.2,0,0,2003/11/11,2003/11/17
29.14,70.86,33.06,11.07,0,0,2003/11/4,2003/11/10
6.6,93.4,42.17,11.32,0.02,0,2003/10/28,2003/11/3
26.77,73.23,26.49,11.27,0,0,2003/10/21,2003/10/27
28.25,71.75,23.96,9.48,0,0,2003/10/14,2003/10/20
66.91,33.09,25.28,10.65,0,0,2003/10/7,2003/10/13
67.98,32.02,23.86,8.94,0,0,2003/9/30,2003/10/6
66.92,33.08,25.47,10.71,0,0,2003/9/23,2003/9/29
67.25,32.75,24.9,10.18,0,0,2003/9/16,2003/9/22
65.83,34.17,27.52,9.39,0.01,0,2003/9/9,2003/9/15
65.32,34.68,30.54,15.26,0,0,2003/9/2,2003/9/8
66.8,33.2,24.01,13.44,0.01,0,2003/8/26,2003/9/1
66.81,33.19,24.08,12.7,0,0,2003/8/19,2003/8/25
63.93,36.07,24.75,8.37,0.01,0,2003/8/12,2003/8/18
63.37,36.63,25.72,9.1,0.05,0,2003/8/5,2003/8/11
63.9,36.1,24.76,8.43,0.03,0,2003/7/29,2003/8/4
62.96,37.04,26.04,8.9,0.01,0,2003/7/22,2003/7/28
62.14,37.86,25.28,9.19,0,0,2003/7/15,2003/7/21
62.41,37.59,25.72,9.38,0,0,2003/7/8,2003/7/14
63.14,36.86,25.06,8.45,0.03,0,2003/7/1,2003/7/7
64.7,35.3,25.23,8.28,0.04,0,2003/6/24,2003/6/30
63.83,36.17,25.85,8.23,0.1,0,2003/6/17,2003/6/23
63.7,36.3,25.72,8.66,0,0,2003/6/10,2003/6/16
63.32,36.68,26.16,8.99,0,0,2003/6/3,2003/6/9
65.05,34.95,25.13,8.38,0,0,2003/5/27,2003/6/2
64.15,35.85,25.01,8.47,0,0,2003/5/20,2003/5/26
63.81,36.19,25.47,8.03,0,0,2003/5/13,2003/5/19
58.71,41.29,30.12,8.33,0,0,2003/5/6,2003/5/12
59.37,40.63,29.46,7.67,0,0,2003/4/29,2003/5/5
59.72,40.28,30.85,8.75,0.04,0,2003/4/22,2003/4/28
58.56,41.44,29,10.17,0.05,0,2003/4/15,2003/4/21
40.13,59.87,32.74,11.39,0.17,0,2003/4/8,2003/4/14
39.64,60.36,32.57,11.57,0.21,0,2003/4/1,2003/4/7
51.83,48.17,32.1,11.33,0.1,0,2003/3/25,2003/3/31
51.5,48.5,32.9,11.55,0.04,0,2003/3/18,2003/3/24
45.14,54.86,33.71,21.85,1.2,0,2003/3/11,2003/3/17
60.17,39.83,30.65,21.81,1.35,0,2003/3/4,2003/3/10
58.1,41.9,34.46,20.61,7.62,0,2003/2/25,2003/3/3
57.82,42.18,34.47,20.69,7.93,0,2003/2/18,2003/2/24
45.39,54.61,38.83,28.32,14.91,0,2003/2/11,2003/2/17
47.36,52.64,31.78,25.8,15.7,0,2003/2/4,2003/2/10
51.74,48.26,29.56,25.24,15.67,0,2003/1/28,2003/2/3
61.07,38.93,29.7,24.2,17.18,0,2003/1/21,2003/1/27
60.71,39.29,30.81,25.39,17.08,0,2003/1/14,2003/1/20
58.16,41.84,32.14,25.42,16.93,0,2003/1/7,2003/1/13
58.39,41.61,32.23,26.06,17.19,0,2002/12/31,2003/1/6
56.56,43.44,33.12,26.29,17.58,0,2002/12/24,2002/12/30
42.1,57.9,35.75,29.12,17.18,0,2002/12/17,2002/12/23
0,100,51.74,30.89,17.39,0,2002/12/10,2002/12/16
5.66,94.34,35.26,28.16,17.35,0,2002/12/3,2002/12/9
4.95,95.05,36.15,28.59,20.81,0,2002/11/26,2002/12/2
5.55,94.45,35.87,28.21,20.68,0,2002/11/19,2002/11/25
5.29,94.71,35.19,28.1,20.41,0,2002/11/12,2002/11/18
0,100,75.48,47.2,24.48,0,2002/11/5,2002/11/11
0,100,72.23,39.41,24.28,0,2002/10/29,2002/11/4
0,100,72.01,39.65,23.89,0,2002/10/22,2002/10/28
0,100,70.48,39.6,23.64,0,2002/10/15,2002/10/21
0,100,70.73,39.66,23.64,0,2002/10/8,2002/10/14
6.12,93.88,51.75,38.19,23.61,0,2002/10/1,2002/10/7
5.5,94.5,56.14,39.64,23.98,0,2002/9/24,2002/9/30
5.77,94.23,55.61,39.39,23.92,0,2002/9/17,2002/9/23
5.1,94.9,55.24,40.45,23.63,0,2002/9/10,2002/9/16
5.28,94.72,56.36,39.93,22.95,0,2002/9/3,2002/9/9
4.89,95.11,56.24,39.99,24.21,0,2002/8/27,2002/9/2
4.99,95.01,56.57,40.31,23.95,0,2002/8/20,2002/8/26
4.99,95.01,56.66,40.03,26.32,0,2002/8/13,2002/8/19
5.23,94.77,56.22,40.05,26.05,0,2002/8/6,2002/8/12
4.99,95.01,55.35,39.71,24.45,0,2002/7/30,2002/8/5
5.69,94.31,55.3,37.9,23.07,0,2002/7/23,2002/7/29
6.67,93.33,51.55,36.29,23.2,0,2002/7/16,2002/7/22
6.55,93.45,53.57,36.09,15.15,0,2002/7/9,2002/7/15
7.45,92.55,53.31,35.76,13.67,0,2002/7/2,2002/7/8
7.56,92.44,52.99,35.49,13.46,0,2002/6/25,2002/7/1
18.01,81.99,48.22,33.2,9.07,0,2002/6/18,2002/6/24
17.86,82.14,42.35,27.08,4.09,0,2002/6/11,2002/6/17
17.99,82.01,42.05,26.85,3.93,0,2002/6/4,2002/6/10
19.89,80.11,41.79,27.18,3.87,0,2002/5/28,2002/6/3
53.49,46.51,36.83,26.07,0.45,0,2002/5/21,2002/5/27
53.27,46.73,37.31,26.59,0.55,0,2002/5/14,2002/5/20
53.54,46.46,37.13,26.21,0.45,0,2002/5/7,2002/5/13
53.26,46.74,37.89,26.4,0.45,0,2002/4/30,2002/5/6
52.85,47.15,37.98,29.12,0,0,2002/4/23,2002/4/29
52.61,47.39,38.23,29.37,0,0,2002/4/16,2002/4/22
54.11,45.89,35.6,19.1,0,0,2002/4/9,2002/4/15
55.18,44.82,26.77,6.56,0,0,2002/4/2,2002/4/8
54.83,45.17,22.32,1.56,0,0,2002/3/26,2002/4/1
55.6,44.4,22.3,0,0,0,2002/3/19,2002/3/25
53.35,46.65,21.95,0,0,0,2002/3/12,2002/3/18
52.91,47.09,0.29,0,0,0,2002/3/5,2002/3/11
54.51,45.49,0.17,0,0,0,2002/2/26,2002/3/4
54.76,45.24,0.07,0,0,0,2002/2/19,2002/2/25
53.96,46.04,0.28,0,0,0,2002/2/12,2002/2/18
75.57,24.43,0.16,0,0,0,2002/2/5,2002/2/11
87.79,12.21,0.15,0,0,0,2002/1/29,2002/2/4
87.24,12.76,0.11,0,0,0,2002/1/22,2002/1/28
92.58,7.42,0.27,0,0,0,2002/1/15,2002/1/21
92.84,7.16,0.11,0,0,0,2002/1/8,2002/1/14
77.42,22.58,11.08,4.92,0,0,2002/1/1,2002/1/7
66.53,33.47,18.81,9.92,0,0,2001/12/25,2001/12/31
51.45,48.55,30.49,17.9,3.2,0,2001/12/18,2001/12/24
48.36,51.64,30.49,20.09,6.77,0,2001/12/11,2001/12/17
45.75,54.25,34.41,21.4,7.56,0,2001/12/4,2001/12/10
40.93,59.07,45.1,30.64,17.59,0,2001/11/27,2001/12/3
29.62,70.38,47.53,30.64,18.22,0,2001/11/20,2001/11/26
29.62,70.38,47.53,32.69,18.22,0,2001/11/13,2001/11/19
29.62,70.38,47.53,32.69,18.22,0,2001/11/6,2001/11/12
29.62,70.38,47.53,32.69,18.22,0,2001/10/30,2001/11/5
29.62,70.38,47.53,33.58,18.95,0,2001/10/23,2001/10/29
29.62,70.38,47.53,33.58,18.95,0,2001/10/16,2001/10/22
33.99,66.01,47.53,33.58,18.95,0,2001/10/9,2001/10/15
33.99,66.01,47.53,33.57,18.95,0,2001/10/2,2001/10/8
33.99,66.01,47.53,33.58,18.95,0,2001/9/25,2001/10/1
33.99,66.01,47.53,33.58,18.95,0,2001/9/18,2001/9/24
33.99,66.01,47.53,33.58,18.95,0,2001/9/11,2001/9/17
50.28,49.72,35.87,28.25,18.6,0,2001/9/4,2001/9/10
50.28,49.72,35.87,28.25,18.6,0,2001/8/28,2001/9/3
53,47,32.15,25.19,16.26,0,2001/8/21,2001/8/27
54.82,45.18,27.19,19.79,10.31,0,2001/8/14,2001/8/20
54.82,45.18,27.19,19.79,9.69,0,2001/8/7,2001/8/13
54.82,45.18,27.19,19.79,9.69,0,2001/7/31,2001/8/6
54.82,45.18,27.19,19.79,9.69,0,2001/7/24,2001/7/30
55.94,44.06,27.19,19.79,9.69,0,2001/7/17,2001/7/23
56.08,43.92,26.69,17.04,9.69,0,2001/7/10,2001/7/16
42.02,57.98,27.59,18.48,4.72,0,2001/7/3,2001/7/9
46.12,53.88,27.59,17.28,0.93,0,2001/6/26,2001/7/2
46.49,53.51,25.96,15.87,0.2,0,2001/6/19,2001/6/25
49.85,50.15,24.34,8.93,0.05,0,2001/6/12,2001/6/18
49.85,50.15,22.39,8.24,0.05,0,2001/6/5,2001/6/11
59.65,40.35,17.23,6.1,0.04,0,2001/5/29,2001/6/4
59.65,40.35,17.23,3.44,0.05,0,2001/5/22,2001/5/28
59.65,40.35,17.23,3.44,0.05,0,2001/5/15,2001/5/21
66.5,33.5,14.71,3.44,0.07,0,2001/5/8,2001/5/14
66.5,33.5,14.71,3.44,0.58,0,2001/5/1,2001/5/7
66.5,33.5,14.71,3.44,0.58,0,2001/4/24,2001/4/30
66.5,33.5,14.71,3.44,0.58,0,2001/4/17,2001/4/23
74.01,25.99,13.11,3.44,0.58,0,2001/4/10,2001/4/16
69.79,30.21,12.93,3.44,0.58,0,2001/4/3,2001/4/9
73.4,26.6,4.65,0.08,0,0,2001/3/27,2001/4/2
73.4,26.6,4.65,0.08,0,0,2001/3/20,2001/3/26
73.11,26.89,2.97,0,0,0,2001/3/13,2001/3/19
73.11,26.89,2.97,0,0,0,2001/3/6,2001/3/12
73.11,26.89,2.95,0,0,0,2001/2/27,2001/3/5
68.1,31.9,2.28,0,0,0,2001/2/20,2001/2/26
62.95,37.05,2.68,0,0,0,2001/2/13,2001/2/19
63.65,36.35,0,0,0,0,2001/2/6,2001/2/12
80.05,19.95,0,0,0,0,2001/1/30,2001/2/5
74.23,25.77,0,0,0,0,2001/1/23,2001/1/29
85.26,14.74,0,0,0,0,2001/1/16,2001/1/22
56.33,43.67,0,0,0,0,2001/1/9,2001/1/15
69.13,30.87,0,0,0,0,2001/1/2,2001/1/8
100,0,0,0,0,0,2000/12/26,2001/1/1
100,0,0,0,0,0,2000/12/19,2000/12/25
100,0,0,0,0,0,2000/12/12,2000/12/18
100,0,0,0,0,0,2000/12/5,2000/12/11
100,0,0,0,0,0,2000/11/28,2000/12/4
100,0,0,0,0,0,2000/11/21,2000/11/27
100,0,0,0,0,0,2000/11/14,2000/11/20
100,0,0,0,0,0,2000/11/7,2000/11/13
100,0,0,0,0,0,2000/10/31,2000/11/6
88.15,11.85,0,0,0,0,2000/10/24,2000/10/30
84.08,15.92,0,0,0,0,2000/10/17,2000/10/23
87.3,12.7,0,0,0,0,2000/10/10,2000/10/16
87.3,12.7,0,0,0,0,2000/10/3,2000/10/9
87.3,12.7,0,0,0,0,2000/9/26,2000/10/2
87.82,12.18,0,0,0,0,2000/9/19,2000/9/25
87.82,12.18,0,0,0,0,2000/9/12,2000/9/18
87.82,12.18,0,0,0,0,2000/9/5,2000/9/11
77.21,22.79,0,0,0,0,2000/8/29,2000/9/4
75.09,24.91,0.99,0,0,0,2000/8/22,2000/8/28
75.09,24.91,1.72,0,0,0,2000/8/15,2000/8/21
87.98,12.02,0,0,0,0,2000/8/8,2000/8/14
92.39,7.61,0,0,0,0,2000/8/1,2000/8/7
92.39,7.61,0,0,0,0,2000/7/25,2000/7/31
100,0,0,0,0,0,2000/7/18,2000/7/24
100,0,0,0,0,0,2000/7/11,2000/7/17
100,0,0,0,0,0,2000/7/4,2000/7/10
100,0,0,0,0,0,2000/6/27,2000/7/3
100,0,0,0,0,0,2000/6/20,2000/6/26
100,0,0,0,0,0,2000/6/13,2000/6/19
100,0,0,0,0,0,2000/6/6,2000/6/12
100,0,0,0,0,0,2000/5/30,2000/6/5
100,0,0,0,0,0,2000/5/23,2000/5/29
100,0,0,0,0,0,2000/5/16,2000/5/22
100,0,0,0,0,0,2000/5/9,2000/5/15
100,0,0,0,0,0,2000/5/2,2000/5/8
100,0,0,0,0,0,2000/4/25,2000/5/1
95.93,4.07,0,0,0,0,2000/4/18,2000/4/24
97.02,2.98,0,0,0,0,2000/4/11,2000/4/17
97.02,2.98,0,0,0,0,2000/4/4,2000/4/10
97.28,2.72,0,0,0,0,2000/3/28,2000/4/3
97.45,2.55,0,0,0,0,2000/3/21,2000/3/27
97.45,2.55,0,0,0,0,2000/3/14,2000/3/20
90.56,9.44,0.03,0,0,0,2000/3/7,2000/3/13
83.71,16.29,0.05,0,0,0,2000/2/29,2000/3/6
81.29,18.71,0,0,0,0,2000/2/22,2000/2/28
56.39,43.61,0,0,0,0,2000/2/15,2000/2/21
55.8,44.2,0,0,0,0,2000/2/8,2000/2/14
49.12,50.88,0,0,0,0,2000/2/1,2000/2/7
44.03,55.97,0,0,0,0,2000/1/25,2000/1/31
27.96,72.04,0,0,0,0,2000/1/18,2000/1/24
18.25,81.75,0,0,0,0,2000/1/11,2000/1/17
51.83,48.17,0,0,0,0,2000/1/4,2000/1/10
