MapDate,StateAbbreviation,None,D0,D1,D2,D3,D4,ValidStart,ValidEnd,StatisticFormatID
20231121,CA,95.32,4.68,0.00,0.00,0.00,0.00,2023-11-21,2023-11-27,1
20231114,CA,95.32,4.68,0.00,0.00,0.00,0.00,2023-11-14,2023-11-20,1
20231107,CA,94.04,5.96,0.00,0.00,0.00,0.00,2023-11-07,2023-11-13,1
20231031,CA,94.34,5.66,0.00,0.00,0.00,0.00,2023-10-31,2023-11-06,1
20231024,CA,94.32,5.68,0.00,0.00,0.00,0.00,2023-10-24,2023-10-30,1
20231017,CA,94.32,5.68,0.00,0.00,0.00,0.00,2023-10-17,2023-10-23,1
20231010,CA,93.98,6.02,0.07,0.00,0.00,0.00,2023-10-10,2023-10-16,1
20231003,CA,94.01,5.99,0.07,0.00,0.00,0.00,2023-10-03,2023-10-09,1
20230926,CA,94.01,5.99,0.07,0.00,0.00,0.00,2023-09-26,2023-10-02,1
20230919,CA,93.53,6.47,0.24,0.00,0.00,0.00,2023-09-19,2023-09-25,1
20230912,CA,93.54,6.46,0.22,0.00,0.00,0.00,2023-09-12,2023-09-18,1
20230905,CA,93.53,6.47,0.22,0.00,0.00,0.00,2023-09-05,2023-09-11,1
20230829,CA,93.35,6.65,1.35,0.00,0.00,0.00,2023-08-29,2023-09-04,1
20230822,CA,93.33,6.67,1.38,0.00,0.00,0.00,2023-08-22,2023-08-28,1
20230815,CA,74.56,25.44,7.27,0.00,0.00,0.00,2023-08-15,2023-08-21,1
20230808,CA,74.55,25.45,7.28,0.00,0.00,0.00,2023-08-08,2023-08-14,1
20230801,CA,74.43,25.57,6.52,0.00,0.00,0.00,2023-08-01,2023-08-07,1
20230725,CA,74.43,25.57,6.29,0.00,0.00,0.00,2023-07-25,2023-07-31,1
20230718,CA,74.45,25.55,6.29,0.00,0.00,0.00,2023-07-18,2023-07-24,1
20230711,CA,71.95,28.05,6.29,0.00,0.00,0.00,2023-07-11,2023-07-17,1
20230704,CA,71.95,28.05,4.63,0.00,0.00,0.00,2023-07-04,2023-07-10,1
20230627,CA,71.88,28.12,4.63,0.00,0.00,0.00,2023-06-27,2023-07-03,1
20230620,CA,72.32,27.68,4.63,0.00,0.00,0.00,2023-06-20,2023-06-26,1
20230613,CA,72.32,27.68,4.63,0.00,0.00,0.00,2023-06-13,2023-06-19,1
20230606,CA,70.88,29.12,4.63,0.00,0.00,0.00,2023-06-06,2023-06-12,1
20230530,CA,70.88,29.12,4.63,0.00,0.00,0.00,2023-05-30,2023-06-05,1
20230523,CA,70.86,29.14,4.63,0.00,0.00,0.00,2023-05-23,2023-05-29,1
20230516,CA,68.02,31.98,5.95,0.00,0.00,0.00,2023-05-16,2023-05-22,1
20230509,CA,68.02,31.98,5.95,0.00,0.00,0.00,2023-05-09,2023-05-15,1
20230502,CA,68.04,31.96,7.98,0.00,0.00,0.00,2023-05-02,2023-05-08,1
20230425,CA,68.04,31.96,7.98,0.00,0.00,0.00,2023-04-25,2023-05-01,1
20230418,CA,65.67,34.33,8.79,0.00,0.00,0.00,2023-04-18,2023-04-24,1
20230411,CA,65.67,34.33,8.79,0.00,0.00,0.00,2023-04-11,2023-04-17,1
20230404,CA,56.17,43.83,24.86,0.82,0.00,0.00,2023-04-04,2023-04-10,1
20230328,CA,55.34,44.66,28.11,1.95,0.00,0.00,2023-03-28,2023-04-03,1
20230321,CA,48.51,51.49,35.88,8.49,0.00,0.00,2023-03-21,2023-03-27,1
20230314,CA,44.66,55.34,36.42,8.49,0.00,0.00,2023-03-14,2023-03-20,1
20230307,CA,26.84,73.16,43.06,19.00,0.00,0.00,2023-03-07,2023-03-13,1
20230228,CA,16.71,83.29,49.13,24.96,0.00,0.00,2023-02-28,2023-03-06,1
20230221,CA,0.61,99.39,84.60,32.62,0.00,0.00,2023-02-21,2023-02-27,1
20230214,CA,0.64,99.36,84.60,32.62,0.00,0.00,2023-02-14,2023-02-20,1
20230207,CA,0.64,99.36,84.60,32.62,0.00,0.00,2023-02-07,2023-02-13,1
20230131,CA,0.64,99.36,89.56,32.57,0.00,0.00,2023-01-31,2023-02-06,1
20230124,CA,0.64,99.36,89.56,32.57,0.00,0.00,2023-01-24,2023-01-30,1
20230117,CA,0.64,99.36,92.12,42.84,0.00,0.00,2023-01-17,2023-01-23,1
20230110,CA,0.00,100.00,95.38,46.00,0.32,0.00,2023-01-10,2023-01-16,1
20230103,CA,0.00,100.00,97.93,71.14,27.10,0.00,2023-01-03,2023-01-09,1
20221227,CA,0.00,100.00,97.94,80.56,35.50,7.16,2022-12-27,2023-01-02,1
20221220,CA,0.00,100.00,97.94,80.56,35.50,7.16,2022-12-20,2022-12-26,1
20221213,CA,0.00,100.00,97.94,80.56,35.50,7.16,2022-12-13,2022-12-19,1
20221206,CA,0.00,100.00,99.48,84.97,40.08,12.73,2022-12-06,2022-12-12,1
20221129,CA,0.00,100.00,99.48,84.97,40.92,12.73,2022-11-29,2022-12-05,1
20221122,CA,0.00,100.00,99.48,84.97,40.92,12.73,2022-11-22,2022-11-28,1
20221115,CA,0.00,100.00,99.48,84.97,40.92,12.73,2022-11-15,2022-11-21,1
20221108,CA,0.00,100.00,99.51,88.09,41.39,16.57,2022-11-08,2022-11-14,1
20221101,CA,0.00,100.00,99.77,91.83,43.06,16.57,2022-11-01,2022-11-07,1
20221025,CA,0.00,100.00,99.77,91.83,43.06,16.57,2022-10-25,2022-10-31,1
20221018,CA,0.00,100.00,99.77,91.83,40.91,16.57,2022-10-18,2022-10-24,1
20221011,CA,0.00,100.00,99.77,93.99,40.91,16.57,2022-10-11,2022-10-17,1
20221004,CA,0.00,100.00,99.77,94.02,40.91,16.57,2022-10-04,2022-10-10,1
20220927,CA,0.00,100.00,99.76,94.01,40.91,16.57,2022-09-27,2022-10-03,1
20220920,CA,0.00,100.00,99.76,94.06,40.91,16.57,2022-09-20,2022-09-26,1
20220913,CA,0.00,100.00,99.76,94.06,40.91,16.57,2022-09-13,2022-09-19,1
20220906,CA,0.00,100.00,99.76,97.52,40.18,16.57,2022-09-06,2022-09-12,1
20220830,CA,0.00,100.00,99.76,97.52,40.18,16.57,2022-08-30,2022-09-05,1
20220823,CA,0.00,100.00,99.76,97.53,43.16,16.57,2022-08-23,2022-08-29,1
20220816,CA,0.00,100.00,99.76,97.53,43.16,16.57,2022-08-16,2022-08-22,1
20220809,CA,0.00,100.00,99.77,97.52,45.81,16.53,2022-08-09,2022-08-15,1
20220802,CA,0.00,100.00,99.78,97.47,59.81,12.12,2022-08-02,2022-08-08,1
20220726,CA,0.00,100.00,99.78,97.47,59.81,12.74,2022-07-26,2022-08-01,1
20220719,CA,0.00,100.00,99.78,97.47,59.81,12.74,2022-07-19,2022-07-25,1
20220712,CA,0.00,100.00,99.80,97.48,59.81,12.74,2022-07-12,2022-07-18,1
20220705,CA,0.00,100.00,99.80,97.48,59.81,11.59,2022-07-05,2022-07-11,1
20220628,CA,0.00,100.00,99.79,97.48,59.81,11.59,2022-06-28,2022-07-04,1
20220621,CA,0.00,100.00,99.79,97.48,59.81,11.59,2022-06-21,2022-06-27,1
20220614,CA,0.00,100.00,99.79,97.48,59.81,11.59,2022-06-14,2022-06-20,1
20220607,CA,0.00,100.00,99.79,97.48,59.81,11.59,2022-06-07,2022-06-13,1
20220531,CA,0.00,100.00,99.86,97.56,59.81,11.59,2022-05-31,2022-06-06,1
20220524,CA,0.00,100.00,99.86,97.56,59.81,11.59,2022-05-24,2022-05-30,1
20220517,CA,0.00,100.00,99.86,95.14,59.81,0.18,2022-05-17,2022-05-23,1
20220510,CA,0.00,100.00,99.86,95.14,59.81,0.00,2022-05-10,2022-05-16,1
20220503,CA,0.00,100.00,100.00,95.18,40.51,0.00,2022-05-03,2022-05-09,1
20220426,CA,0.00,100.00,100.00,95.18,40.56,0.00,2022-04-26,2022-05-02,1
20220419,CA,0.00,100.00,100.00,95.18,40.81,0.00,2022-04-19,2022-04-25,1
20220412,CA,0.00,100.00,100.00,95.75,46.87,0.00,2022-04-12,2022-04-18,1
20220405,CA,0.00,100.00,100.00,93.65,40.67,0.00,2022-04-05,2022-04-11,1
20220329,CA,0.00,100.00,100.00,93.65,40.25,0.00,2022-03-29,2022-04-04,1
20220322,CA,0.00,100.00,100.00,93.65,37.69,0.00,2022-03-22,2022-03-28,1
20220315,CA,0.00,100.00,100.00,93.23,35.22,0.00,2022-03-15,2022-03-21,1
20220308,CA,0.00,100.00,100.00,86.98,12.82,0.00,2022-03-08,2022-03-14,1
20220301,CA,0.00,100.00,100.00,86.98,12.82,0.00,2022-03-01,2022-03-07,1
20220222,CA,0.00,100.00,100.00,68.77,6.70,0.00,2022-02-22,2022-02-28,1
20220215,CA,0.00,100.00,99.57,66.39,1.39,0.00,2022-02-15,2022-02-21,1
20220208,CA,0.00,100.00,99.25,66.39,1.39,0.00,2022-02-08,2022-02-14,1
20220201,CA,0.00,100.00,99.25,66.39,1.39,0.00,2022-02-01,2022-02-07,1
20220125,CA,0.00,100.00,99.25,66.39,1.39,0.00,2022-01-25,2022-01-31,1
20220118,CA,0.00,100.00,99.25,66.39,1.39,0.00,2022-01-18,2022-01-24,1
20220111,CA,0.00,100.00,99.25,66.39,1.39,0.00,2022-01-11,2022-01-17,1
20220104,CA,0.00,100.00,99.30,67.62,16.60,0.84,2022-01-04,2022-01-10,1
20211228,CA,0.00,100.00,100.00,86.28,32.93,0.84,2021-12-28,2022-01-03,1
20211221,CA,0.00,100.00,100.00,92.44,79.44,23.11,2021-12-21,2021-12-27,1
20211214,CA,0.00,100.00,100.00,92.43,80.28,28.27,2021-12-14,2021-12-20,1
20211207,CA,0.00,100.00,100.00,92.43,80.28,28.27,2021-12-07,2021-12-13,1
20211130,CA,0.00,100.00,100.00,92.43,80.28,28.27,2021-11-30,2021-12-06,1
20211123,CA,0.00,100.00,100.00,92.43,80.28,28.27,2021-11-23,2021-11-29,1
20211116,CA,0.00,100.00,100.00,92.43,80.28,37.62,2021-11-16,2021-11-22,1
20211109,CA,0.00,100.00,100.00,92.43,80.28,37.62,2021-11-09,2021-11-15,1
20211102,CA,0.00,100.00,100.00,93.81,83.33,38.74,2021-11-02,2021-11-08,1
20211026,CA,0.00,100.00,100.00,93.81,83.33,38.74,2021-10-26,2021-11-01,1
20211019,CA,0.00,100.00,100.00,93.81,87.18,45.66,2021-10-19,2021-10-25,1
20211012,CA,0.00,100.00,100.00,93.93,87.18,45.66,2021-10-12,2021-10-18,1
20211005,CA,0.00,100.00,100.00,93.93,87.88,45.66,2021-10-05,2021-10-11,1
20210928,CA,0.00,100.00,100.00,93.93,87.88,45.66,2021-09-28,2021-10-04,1
20210921,CA,0.00,100.00,100.00,93.93,87.88,45.66,2021-09-21,2021-09-27,1
20210914,CA,0.00,100.00,100.00,93.93,87.94,45.66,2021-09-14,2021-09-20,1
20210907,CA,0.00,100.00,100.00,93.93,87.94,45.66,2021-09-07,2021-09-13,1
20210831,CA,0.00,100.00,100.00,95.56,88.37,47.40,2021-08-31,2021-09-06,1
20210824,CA,0.00,100.00,100.00,95.58,88.37,47.40,2021-08-24,2021-08-30,1
20210817,CA,0.00,100.00,100.00,95.58,88.37,48.97,2021-08-17,2021-08-23,1
20210810,CA,0.00,100.00,100.00,95.07,88.37,47.10,2021-08-10,2021-08-16,1
20210803,CA,0.00,100.00,100.00,95.07,88.37,46.45,2021-08-03,2021-08-09,1
20210727,CA,0.00,100.00,100.00,95.09,88.59,46.49,2021-07-27,2021-08-02,1
20210720,CA,0.00,100.00,100.00,94.75,85.75,33.42,2021-07-20,2021-07-26,1
20210713,CA,0.00,100.00,100.00,94.75,85.73,33.32,2021-07-13,2021-07-19,1
20210706,CA,0.00,100.00,100.00,94.73,85.44,33.32,2021-07-06,2021-07-12,1
20210629,CA,0.00,100.00,100.00,94.73,85.44,33.32,2021-06-29,2021-07-05,1
20210622,CA,0.00,100.00,100.00,94.73,85.44,33.32,2021-06-22,2021-06-28,1
20210615,CA,0.00,100.00,100.00,94.75,85.44,33.32,2021-06-15,2021-06-21,1
20210608,CA,0.00,100.00,100.00,94.75,85.20,33.32,2021-06-08,2021-06-14,1
20210601,CA,0.00,100.00,100.00,94.61,74.46,26.04,2021-06-01,2021-06-07,1
20210525,CA,0.00,100.00,100.00,94.61,74.46,26.04,2021-05-25,2021-05-31,1
20210518,CA,0.00,100.00,100.00,94.31,73.33,15.91,2021-05-18,2021-05-24,1
20210511,CA,0.00,100.00,100.00,94.31,73.33,13.53,2021-05-11,2021-05-17,1
20210504,CA,0.00,100.00,97.52,92.88,73.31,5.36,2021-05-04,2021-05-10,1
20210427,CA,0.00,100.00,97.51,87.95,52.86,5.36,2021-04-27,2021-05-03,1
20210420,CA,0.00,100.00,96.54,85.37,49.86,5.36,2021-04-20,2021-04-26,1
20210413,CA,0.78,99.22,94.14,76.97,38.68,5.36,2021-04-13,2021-04-19,1
20210406,CA,0.77,99.23,92.65,69.68,35.42,5.36,2021-04-06,2021-04-12,1
20210330,CA,0.77,99.23,90.66,64.02,31.76,5.36,2021-03-30,2021-04-05,1
20210323,CA,0.70,99.30,90.66,64.02,31.76,5.36,2021-03-23,2021-03-29,1
20210316,CA,0.78,99.22,90.62,58.59,29.54,3.75,2021-03-16,2021-03-22,1
20210309,CA,0.75,99.25,90.89,58.59,29.54,3.75,2021-03-09,2021-03-15,1
20210302,CA,0.75,99.25,90.89,56.98,29.54,3.75,2021-03-02,2021-03-08,1
20210223,CA,0.70,99.30,84.88,56.98,29.54,3.75,2021-02-23,2021-03-01,1
20210216,CA,0.70,99.30,84.88,57.58,30.99,3.75,2021-02-16,2021-02-22,1
20210209,CA,0.64,99.36,85.10,57.87,31.41,3.75,2021-02-09,2021-02-15,1
20210202,CA,0.00,100.00,85.99,58.44,31.65,3.75,2021-02-02,2021-02-08,1
20210126,CA,0.00,100.00,95.20,75.74,39.46,3.86,2021-01-26,2021-02-01,1
20210119,CA,0.00,100.00,95.20,78.12,39.46,1.19,2021-01-19,2021-01-25,1
20210112,CA,0.00,100.00,95.20,79.10,39.50,1.19,2021-01-12,2021-01-18,1
20210105,CA,0.00,100.00,95.20,74.34,33.84,1.19,2021-01-05,2021-01-11,1
20201229,CA,0.00,100.00,95.17,74.34,33.75,1.19,2020-12-29,2021-01-04,1
20201222,CA,0.00,100.00,95.17,74.34,33.75,1.19,2020-12-22,2020-12-28,1
20201215,CA,0.00,100.00,95.17,74.35,33.75,1.19,2020-12-15,2020-12-21,1
20201208,CA,0.00,100.00,95.17,66.79,21.30,0.00,2020-12-08,2020-12-14,1
20201201,CA,3.46,96.54,75.03,48.19,19.36,0.00,2020-12-01,2020-12-07,1
20201124,CA,3.50,96.50,75.03,48.19,19.36,0.00,2020-11-24,2020-11-30,1
20201117,CA,15.61,84.39,70.91,41.25,15.83,0.00,2020-11-17,2020-11-23,1
20201110,CA,15.48,84.52,70.91,41.25,15.83,0.00,2020-11-10,2020-11-16,1
20201103,CA,15.48,84.52,67.54,35.61,12.74,0.00,2020-11-03,2020-11-09,1
20201027,CA,15.40,84.60,67.54,35.61,12.74,0.00,2020-10-27,2020-11-02,1
20201020,CA,15.40,84.60,67.54,35.61,12.74,0.00,2020-10-20,2020-10-26,1
20201013,CA,15.40,84.60,67.54,35.61,12.74,0.00,2020-10-13,2020-10-19,1
20201006,CA,15.40,84.60,67.54,35.61,12.74,0.00,2020-10-06,2020-10-12,1
20200929,CA,15.35,84.65,67.65,35.62,12.74,0.00,2020-09-29,2020-10-05,1
20200922,CA,15.62,84.38,67.09,35.27,3.39,0.00,2020-09-22,2020-09-28,1
20200915,CA,15.62,84.38,67.09,35.26,3.17,0.00,2020-09-15,2020-09-21,1
20200908,CA,20.45,79.55,54.18,32.98,3.04,0.00,2020-09-08,2020-09-14,1
20200901,CA,20.39,79.61,54.38,31.78,3.04,0.00,2020-09-01,2020-09-07,1
20200825,CA,20.55,79.45,54.38,31.88,3.04,0.00,2020-08-25,2020-08-31,1
20200818,CA,20.55,79.45,54.22,21.72,3.04,0.00,2020-08-18,2020-08-24,1
20200811,CA,33.74,66.26,50.39,21.72,3.04,0.00,2020-08-11,2020-08-17,1
20200804,CA,33.74,66.26,50.38,21.50,3.04,0.00,2020-08-04,2020-08-10,1
20200728,CA,40.34,59.66,50.38,21.50,3.04,0.00,2020-07-28,2020-08-03,1
20200721,CA,40.34,59.66,48.21,21.50,3.04,0.00,2020-07-21,2020-07-27,1
20200714,CA,40.38,59.62,48.19,21.50,2.45,0.00,2020-07-14,2020-07-20,1
20200707,CA,41.79,58.21,46.74,20.84,2.45,0.00,2020-07-07,2020-07-13,1
20200630,CA,41.79,58.21,46.74,20.84,2.45,0.00,2020-06-30,2020-07-06,1
20200623,CA,41.79,58.21,46.74,20.84,2.45,0.00,2020-06-23,2020-06-29,1
20200616,CA,41.79,58.21,46.74,20.84,2.45,0.00,2020-06-16,2020-06-22,1
20200609,CA,41.79,58.21,46.74,20.84,2.45,0.00,2020-06-09,2020-06-15,1
20200602,CA,41.80,58.20,46.67,20.84,2.97,0.00,2020-06-02,2020-06-08,1
20200526,CA,41.80,58.20,46.67,20.84,2.97,0.00,2020-05-26,2020-06-01,1
20200519,CA,41.80,58.20,46.67,20.84,2.97,0.00,2020-05-19,2020-05-25,1
20200512,CA,41.80,58.20,46.67,20.84,2.99,0.00,2020-05-12,2020-05-18,1
20200505,CA,41.80,58.20,42.87,19.56,3.94,0.00,2020-05-05,2020-05-11,1
20200428,CA,41.80,58.20,41.58,19.59,4.66,0.00,2020-04-28,2020-05-04,1
20200421,CA,41.80,58.20,35.70,19.59,4.66,0.00,2020-04-21,2020-04-27,1
20200414,CA,41.80,58.20,35.70,12.83,0.00,0.00,2020-04-14,2020-04-20,1
20200407,CA,32.29,67.71,43.31,1.30,0.00,0.00,2020-04-07,2020-04-13,1
20200331,CA,24.86,75.14,43.31,1.30,0.00,0.00,2020-03-31,2020-04-06,1
20200324,CA,24.86,75.14,40.42,1.30,0.00,0.00,2020-03-24,2020-03-30,1
20200317,CA,24.64,75.36,47.59,1.26,0.00,0.00,2020-03-17,2020-03-23,1
20200310,CA,21.50,78.50,48.09,0.00,0.00,0.00,2020-03-10,2020-03-16,1
20200303,CA,30.26,69.74,34.16,0.00,0.00,0.00,2020-03-03,2020-03-09,1
20200225,CA,30.26,69.74,23.34,0.00,0.00,0.00,2020-02-25,2020-03-02,1
20200218,CA,40.02,59.98,9.54,0.00,0.00,0.00,2020-02-18,2020-02-24,1
20200211,CA,53.85,46.15,9.54,0.00,0.00,0.00,2020-02-11,2020-02-17,1
20200204,CA,65.72,34.28,0.00,0.00,0.00,0.00,2020-02-04,2020-02-10,1
20200128,CA,65.72,34.28,0.00,0.00,0.00,0.00,2020-01-28,2020-02-03,1
20200121,CA,96.39,3.61,0.00,0.00,0.00,0.00,2020-01-21,2020-01-27,1
20200114,CA,96.39,3.61,0.00,0.00,0.00,0.00,2020-01-14,2020-01-20,1
20200107,CA,96.43,3.57,0.00,0.00,0.00,0.00,2020-01-07,2020-01-13,1
20191231,CA,96.43,3.57,0.00,0.00,0.00,0.00,2019-12-31,2020-01-06,1
20191224,CA,96.43,3.57,0.00,0.00,0.00,0.00,2019-12-24,2019-12-30,1
20191217,CA,96.43,3.57,0.00,0.00,0.00,0.00,2019-12-17,2019-12-23,1
20191210,CA,96.43,3.57,0.00,0.00,0.00,0.00,2019-12-10,2019-12-16,1
20191203,CA,14.74,85.26,0.01,0.00,0.00,0.00,2019-12-03,2019-12-09,1
20191126,CA,9.22,90.78,3.31,0.01,0.00,0.00,2019-11-26,2019-12-02,1
20191119,CA,18.55,81.45,3.59,0.01,0.00,0.00,2019-11-19,2019-11-25,1
20191112,CA,18.61,81.39,3.57,0.01,0.00,0.00,2019-11-12,2019-11-18,1
20191105,CA,82.26,17.74,2.06,0.00,0.00,0.00,2019-11-05,2019-11-11,1
20191029,CA,82.26,17.74,2.06,0.00,0.00,0.00,2019-10-29,2019-11-04,1
20191022,CA,82.26,17.74,2.06,0.00,0.00,0.00,2019-10-22,2019-10-28,1
20191015,CA,85.40,14.60,2.06,0.00,0.00,0.00,2019-10-15,2019-10-21,1
20191008,CA,95.29,4.71,2.06,0.00,0.00,0.00,2019-10-08,2019-10-14,1
20191001,CA,95.29,4.71,2.06,0.00,0.00,0.00,2019-10-01,2019-10-07,1
20190924,CA,89.73,10.27,2.06,0.00,0.00,0.00,2019-09-24,2019-09-30,1
20190917,CA,89.61,10.39,2.06,0.00,0.00,0.00,2019-09-17,2019-09-23,1
20190910,CA,90.94,9.06,1.09,0.01,0.00,0.00,2019-09-10,2019-09-16,1
20190903,CA,90.94,9.06,1.09,0.00,0.00,0.00,2019-09-03,2019-09-09,1
20190827,CA,90.94,9.06,1.09,0.00,0.00,0.00,2019-08-27,2019-09-02,1
20190820,CA,93.27,6.73,0.00,0.00,0.00,0.00,2019-08-20,2019-08-26,1
20190813,CA,94.07,5.93,0.00,0.00,0.00,0.00,2019-08-13,2019-08-19,1
20190806,CA,95.55,4.45,0.00,0.00,0.00,0.00,2019-08-06,2019-08-12,1
20190730,CA,95.68,4.32,0.00,0.00,0.00,0.00,2019-07-30,2019-08-05,1
20190723,CA,95.68,4.32,0.00,0.00,0.00,0.00,2019-07-23,2019-07-29,1
20190716,CA,95.68,4.32,0.00,0.00,0.00,0.00,2019-07-16,2019-07-22,1
20190709,CA,95.68,4.32,0.00,0.00,0.00,0.00,2019-07-09,2019-07-15,1
20190702,CA,95.68,4.32,0.00,0.00,0.00,0.00,2019-07-02,2019-07-08,1
20190625,CA,95.68,4.32,0.00,0.00,0.00,0.00,2019-06-25,2019-07-01,1
20190618,CA,95.68,4.32,0.00,0.00,0.00,0.00,2019-06-18,2019-06-24,1
20190611,CA,95.68,4.32,0.00,0.00,0.00,0.00,2019-06-11,2019-06-17,1
20190604,CA,95.68,4.32,0.00,0.00,0.00,0.00,2019-06-04,2019-06-10,1
20190528,CA,94.03,5.97,0.00,0.00,0.00,0.00,2019-05-28,2019-06-03,1
20190521,CA,94.03,5.97,0.00,0.00,0.00,0.00,2019-05-21,2019-05-27,1
20190514,CA,94.03,5.97,0.00,0.00,0.00,0.00,2019-05-14,2019-05-20,1
20190507,CA,94.03,5.97,0.00,0.00,0.00,0.00,2019-05-07,2019-05-13,1
20190430,CA,94.03,5.97,0.00,0.00,0.00,0.00,2019-04-30,2019-05-06,1
20190423,CA,94.03,5.97,0.00,0.00,0.00,0.00,2019-04-23,2019-04-29,1
20190416,CA,94.03,5.97,0.00,0.00,0.00,0.00,2019-04-16,2019-04-22,1
20190409,CA,94.03,5.97,0.00,0.00,0.00,0.00,2019-04-09,2019-04-15,1
20190402,CA,93.42,6.58,0.00,0.00,0.00,0.00,2019-04-02,2019-04-08,1
20190326,CA,93.42,6.58,0.00,0.00,0.00,0.00,2019-03-26,2019-04-01,1
20190319,CA,93.42,6.58,0.00,0.00,0.00,0.00,2019-03-19,2019-03-25,1
20190312,CA,93.42,6.58,0.00,0.00,0.00,0.00,2019-03-12,2019-03-18,1
20190305,CA,89.84,10.16,0.60,0.00,0.00,0.00,2019-03-05,2019-03-11,1
20190226,CA,87.17,12.83,2.33,0.00,0.00,0.00,2019-02-26,2019-03-04,1
20190219,CA,67.07,32.93,3.77,1.36,0.00,0.00,2019-02-19,2019-02-25,1
20190212,CA,36.77,63.23,10.55,1.63,0.00,0.00,2019-02-12,2019-02-18,1
20190205,CA,34.37,65.63,10.55,1.89,0.00,0.00,2019-02-05,2019-02-11,1
20190129,CA,23.93,76.07,23.66,1.89,0.00,0.00,2019-01-29,2019-02-04,1
20190122,CA,7.77,92.23,72.23,3.44,0.71,0.00,2019-01-22,2019-01-28,1
20190115,CA,7.77,92.23,75.17,5.54,0.71,0.00,2019-01-15,2019-01-21,1
20190108,CA,7.77,92.23,75.17,14.12,1.55,0.00,2019-01-08,2019-01-14,1
20190101,CA,7.77,92.23,75.17,14.12,2.10,0.00,2019-01-01,2019-01-07,1
20181225,CA,7.77,92.23,75.17,16.25,2.10,0.00,2018-12-25,2018-12-31,1
20181218,CA,7.77,92.23,75.17,16.87,2.10,0.00,2018-12-18,2018-12-24,1
20181211,CA,7.77,92.23,75.17,16.87,2.10,0.00,2018-12-11,2018-12-17,1
20181204,CA,7.77,92.23,79.69,18.34,3.78,0.00,2018-12-04,2018-12-10,1
20181127,CA,0.00,100.00,83.66,18.33,3.78,0.00,2018-11-27,2018-12-03,1
20181120,CA,0.00,100.00,77.62,18.36,3.78,0.00,2018-11-20,2018-11-26,1
20181113,CA,0.00,100.00,53.20,18.35,2.39,0.00,2018-11-13,2018-11-19,1
20181106,CA,0.00,100.00,51.92,18.35,2.39,0.00,2018-11-06,2018-11-12,1
20181030,CA,15.16,84.84,47.94,19.30,2.73,0.00,2018-10-30,2018-11-05,1
20181023,CA,15.16,84.84,47.94,19.30,2.73,0.00,2018-10-23,2018-10-29,1
20181016,CA,15.16,84.84,47.94,22.77,2.87,0.00,2018-10-16,2018-10-22,1
20181009,CA,15.16,84.84,47.94,22.77,4.87,0.00,2018-10-09,2018-10-15,1
20181002,CA,12.18,87.82,47.97,22.82,4.93,0.00,2018-10-02,2018-10-08,1
20180925,CA,12.18,87.82,47.97,22.82,4.94,0.00,2018-09-25,2018-10-01,1
20180918,CA,12.18,87.82,47.97,22.82,4.94,0.00,2018-09-18,2018-09-24,1
20180911,CA,12.18,87.82,47.97,22.82,4.94,0.00,2018-09-11,2018-09-17,1
20180904,CA,13.79,86.21,47.58,22.89,2.77,0.00,2018-09-04,2018-09-10,1
20180828,CA,13.79,86.21,47.58,21.05,2.77,0.00,2018-08-28,2018-09-03,1
20180821,CA,13.79,86.21,47.19,20.75,2.77,0.00,2018-08-21,2018-08-27,1
20180814,CA,13.84,86.16,47.19,20.75,2.77,0.00,2018-08-14,2018-08-20,1
20180807,CA,13.83,86.17,45.05,20.75,2.77,0.00,2018-08-07,2018-08-13,1
20180731,CA,13.84,86.16,44.80,20.75,2.77,0.00,2018-07-31,2018-08-06,1
20180724,CA,13.82,86.18,44.73,20.75,2.77,0.00,2018-07-24,2018-07-30,1
20180717,CA,14.85,85.15,44.14,20.75,2.77,0.00,2018-07-17,2018-07-23,1
20180710,CA,14.85,85.15,44.12,20.75,2.77,0.00,2018-07-10,2018-07-16,1
20180703,CA,14.85,85.15,44.17,20.75,2.77,0.00,2018-07-03,2018-07-09,1
20180626,CA,14.92,85.08,44.17,20.75,2.77,0.00,2018-06-26,2018-07-02,1
20180619,CA,30.37,69.63,37.07,20.75,2.77,0.00,2018-06-19,2018-06-25,1
20180612,CA,30.39,69.61,37.07,20.75,2.77,0.00,2018-06-12,2018-06-18,1
20180605,CA,30.39,69.61,37.08,20.75,2.78,0.00,2018-06-05,2018-06-11,1
20180529,CA,30.49,69.51,37.08,20.75,2.78,0.00,2018-05-29,2018-06-04,1
20180522,CA,30.49,69.51,37.08,20.75,2.78,0.00,2018-05-22,2018-05-28,1
20180515,CA,30.49,69.51,37.15,20.83,2.80,0.00,2018-05-15,2018-05-21,1
20180508,CA,34.19,65.81,37.10,13.99,2.80,0.00,2018-05-08,2018-05-14,1
20180501,CA,34.10,65.90,37.10,13.99,2.80,0.00,2018-05-01,2018-05-07,1
20180424,CA,34.10,65.90,37.10,13.77,2.55,0.00,2018-04-24,2018-04-30,1
20180417,CA,34.10,65.90,37.10,13.77,2.50,0.00,2018-04-17,2018-04-23,1
20180410,CA,33.85,66.15,37.10,13.77,2.50,0.00,2018-04-10,2018-04-16,1
20180403,CA,22.99,77.01,40.90,12.72,2.50,0.00,2018-04-03,2018-04-09,1
20180327,CA,22.99,77.01,40.77,12.56,2.50,0.00,2018-03-27,2018-04-02,1
20180320,CA,11.08,88.92,47.68,22.31,0.43,0.00,2018-03-20,2018-03-26,1
20180313,CA,11.08,88.92,47.68,22.31,0.43,0.00,2018-03-13,2018-03-19,1
20180306,CA,8.48,91.52,47.87,22.40,0.43,0.00,2018-03-06,2018-03-12,1
20180227,CA,8.48,91.52,47.87,19.98,0.00,0.00,2018-02-27,2018-03-05,1
20180220,CA,8.43,91.57,47.87,19.98,0.00,0.00,2018-02-20,2018-02-26,1
20180213,CA,18.29,81.71,45.71,19.98,0.00,0.00,2018-02-13,2018-02-19,1
20180206,CA,18.27,81.73,45.60,6.39,0.00,0.00,2018-02-06,2018-02-12,1
20180130,CA,26.67,73.33,43.72,4.92,0.00,0.00,2018-01-30,2018-02-05,1
20180123,CA,45.48,54.52,12.69,0.00,0.00,0.00,2018-01-23,2018-01-29,1
20180116,CA,53.21,46.79,12.69,0.00,0.00,0.00,2018-01-16,2018-01-22,1
20180109,CA,53.58,46.42,12.69,0.00,0.00,0.00,2018-01-09,2018-01-15,1
20180102,CA,55.70,44.30,12.69,0.00,0.00,0.00,2018-01-02,2018-01-08,1
20171226,CA,55.70,44.30,12.69,0.00,0.00,0.00,2017-12-26,2018-01-01,1
20171219,CA,55.70,44.30,12.69,0.00,0.00,0.00,2017-12-19,2017-12-25,1
20171212,CA,55.70,44.30,9.90,0.00,0.00,0.00,2017-12-12,2017-12-18,1
20171205,CA,65.38,34.62,9.90,0.00,0.00,0.00,2017-12-05,2017-12-11,1
20171128,CA,69.09,30.91,8.24,0.00,0.00,0.00,2017-11-28,2017-12-04,1
20171121,CA,73.98,26.02,8.24,0.00,0.00,0.00,2017-11-21,2017-11-27,1
20171114,CA,73.98,26.02,8.24,0.00,0.00,0.00,2017-11-14,2017-11-20,1
20171107,CA,77.90,22.10,8.24,0.00,0.00,0.00,2017-11-07,2017-11-13,1
20171031,CA,77.90,22.10,8.24,0.00,0.00,0.00,2017-10-31,2017-11-06,1
20171024,CA,77.90,22.10,8.24,0.00,0.00,0.00,2017-10-24,2017-10-30,1
20171017,CA,77.88,22.12,8.24,0.00,0.00,0.00,2017-10-17,2017-10-23,1
20171010,CA,77.88,22.12,8.24,0.00,0.00,0.00,2017-10-10,2017-10-16,1
20171003,CA,77.88,22.12,8.24,0.00,0.00,0.00,2017-10-03,2017-10-09,1
20170926,CA,77.88,22.12,8.24,0.00,0.00,0.00,2017-09-26,2017-10-02,1
20170919,CA,77.88,22.12,8.24,0.04,0.00,0.00,2017-09-19,2017-09-25,1
20170912,CA,77.88,22.12,8.24,0.04,0.00,0.00,2017-09-12,2017-09-18,1
20170905,CA,77.88,22.12,8.24,0.04,0.00,0.00,2017-09-05,2017-09-11,1
20170829,CA,77.88,22.12,8.24,0.04,0.00,0.00,2017-08-29,2017-09-04,1
20170822,CA,77.88,22.12,8.24,0.04,0.00,0.00,2017-08-22,2017-08-28,1
20170815,CA,77.86,22.14,8.24,0.04,0.00,0.00,2017-08-15,2017-08-21,1
20170808,CA,77.86,22.14,8.24,1.06,0.00,0.00,2017-08-08,2017-08-14,1
20170801,CA,77.86,22.14,8.24,1.06,0.00,0.00,2017-08-01,2017-08-07,1
20170725,CA,75.73,24.27,8.24,1.06,0.00,0.00,2017-07-25,2017-07-31,1
20170718,CA,75.69,24.31,8.24,1.06,0.00,0.00,2017-07-18,2017-07-24,1
20170711,CA,76.46,23.54,8.24,1.06,0.00,0.00,2017-07-11,2017-07-17,1
20170704,CA,76.46,23.54,8.24,1.06,0.00,0.00,2017-07-04,2017-07-10,1
20170627,CA,76.47,23.53,8.24,1.06,0.00,0.00,2017-06-27,2017-07-03,1
20170620,CA,76.47,23.53,8.24,1.06,0.00,0.00,2017-06-20,2017-06-26,1
20170613,CA,76.47,23.53,8.24,1.06,0.00,0.00,2017-06-13,2017-06-19,1
20170606,CA,76.47,23.53,8.24,1.06,0.00,0.00,2017-06-06,2017-06-12,1
20170530,CA,76.47,23.53,8.24,1.06,0.00,0.00,2017-05-30,2017-06-05,1
20170523,CA,76.47,23.53,8.24,1.06,0.00,0.00,2017-05-23,2017-05-29,1
20170516,CA,76.47,23.53,8.24,1.06,0.00,0.00,2017-05-16,2017-05-22,1
20170509,CA,76.47,23.53,8.24,1.06,0.00,0.00,2017-05-09,2017-05-15,1
20170502,CA,76.47,23.53,8.24,1.06,0.00,0.00,2017-05-02,2017-05-08,1
20170425,CA,76.54,23.46,8.24,1.06,0.00,0.00,2017-04-25,2017-05-01,1
20170418,CA,76.54,23.46,8.24,1.06,0.00,0.00,2017-04-18,2017-04-24,1
20170411,CA,76.54,23.46,8.24,1.06,0.00,0.00,2017-04-11,2017-04-17,1
20170404,CA,76.54,23.46,8.24,1.06,0.00,0.00,2017-04-04,2017-04-10,1
20170328,CA,76.54,23.46,8.24,1.06,0.00,0.00,2017-03-28,2017-04-03,1
20170321,CA,76.54,23.46,8.24,1.06,0.00,0.00,2017-03-21,2017-03-27,1
20170314,CA,76.54,23.46,8.24,1.06,0.00,0.00,2017-03-14,2017-03-20,1
20170307,CA,76.54,23.46,8.24,1.10,0.00,0.00,2017-03-07,2017-03-13,1
20170228,CA,74.49,25.51,8.73,4.08,0.00,0.00,2017-02-28,2017-03-06,1
20170221,CA,61.66,38.34,16.87,4.19,0.00,0.00,2017-02-21,2017-02-27,1
20170214,CA,43.94,56.06,24.19,7.41,0.73,0.00,2017-02-14,2017-02-20,1
20170207,CA,41.46,58.54,46.99,10.93,0.73,0.00,2017-02-07,2017-02-13,1
20170131,CA,38.98,61.02,50.80,20.30,1.87,0.00,2017-01-31,2017-02-06,1
20170124,CA,38.73,61.27,51.40,26.46,2.16,0.00,2017-01-24,2017-01-30,1
20170117,CA,35.56,64.44,57.51,44.35,24.30,2.13,2017-01-17,2017-01-23,1
20170110,CA,34.62,65.38,58.22,49.22,27.80,2.13,2017-01-10,2017-01-16,1
20170103,CA,18.07,81.93,67.61,54.02,38.17,18.31,2017-01-03,2017-01-09,1
20161227,CA,17.47,82.53,68.87,57.79,40.60,18.31,2016-12-27,2017-01-02,1
20161220,CA,15.09,84.91,70.11,59.09,41.55,19.75,2016-12-20,2016-12-26,1
20161213,CA,12.16,87.84,73.04,60.27,42.80,21.04,2016-12-13,2016-12-19,1
20161206,CA,12.03,87.97,73.04,60.27,42.80,21.04,2016-12-06,2016-12-12,1
20161129,CA,12.03,87.97,73.04,60.27,42.80,21.04,2016-11-29,2016-12-05,1
20161122,CA,12.03,87.97,73.04,60.27,42.80,21.04,2016-11-22,2016-11-28,1
20161115,CA,12.03,87.97,73.04,60.27,42.80,21.04,2016-11-15,2016-11-21,1
20161108,CA,12.03,87.97,73.04,60.27,42.80,21.04,2016-11-08,2016-11-14,1
20161101,CA,12.03,87.97,75.26,61.38,42.80,21.04,2016-11-01,2016-11-07,1
20161025,CA,8.96,91.04,81.12,61.81,42.80,21.04,2016-10-25,2016-10-31,1
20161018,CA,7.77,92.23,81.12,61.81,42.80,21.04,2016-10-18,2016-10-24,1
20161011,CA,0.00,100.00,83.59,62.27,42.80,21.04,2016-10-11,2016-10-17,1
20161004,CA,0.00,100.00,83.59,62.27,42.80,21.04,2016-10-04,2016-10-10,1
20160927,CA,0.00,100.00,83.59,62.27,42.80,21.04,2016-09-27,2016-10-03,1
20160920,CA,0.00,100.00,83.59,62.27,42.80,21.04,2016-09-20,2016-09-26,1
20160913,CA,0.00,100.00,83.59,62.27,42.80,21.04,2016-09-13,2016-09-19,1
20160906,CA,0.00,100.00,83.59,59.02,42.80,21.04,2016-09-06,2016-09-12,1
20160830,CA,0.00,100.00,83.59,59.02,42.80,21.04,2016-08-30,2016-09-05,1
20160823,CA,0.00,100.00,83.59,59.02,42.80,21.04,2016-08-23,2016-08-29,1
20160816,CA,0.00,100.00,83.59,59.02,42.80,21.04,2016-08-16,2016-08-22,1
20160809,CA,0.00,100.00,83.59,59.02,42.80,21.04,2016-08-09,2016-08-15,1
20160802,CA,0.00,100.00,83.59,59.02,42.80,21.04,2016-08-02,2016-08-08,1
20160726,CA,0.00,100.00,83.59,59.02,42.80,21.04,2016-07-26,2016-08-01,1
20160719,CA,0.00,100.00,83.59,59.02,42.80,21.04,2016-07-19,2016-07-25,1
20160712,CA,0.00,100.00,83.59,59.02,42.80,21.04,2016-07-12,2016-07-18,1
20160705,CA,0.00,100.00,83.59,59.02,42.80,21.04,2016-07-05,2016-07-11,1
20160628,CA,0.00,100.00,83.59,59.02,42.80,21.04,2016-06-28,2016-07-04,1
20160621,CA,0.00,100.00,83.59,59.02,42.80,21.04,2016-06-21,2016-06-27,1
20160614,CA,0.00,100.00,83.59,59.02,42.80,21.04,2016-06-14,2016-06-20,1
20160607,CA,4.27,95.73,83.91,59.02,42.99,21.04,2016-06-07,2016-06-13,1
20160531,CA,6.08,93.92,83.91,59.02,42.99,21.04,2016-05-31,2016-06-06,1
20160524,CA,5.50,94.50,86.39,61.00,42.99,21.04,2016-05-24,2016-05-30,1
20160517,CA,5.50,94.50,86.39,63.57,42.99,21.04,2016-05-17,2016-05-23,1
20160510,CA,4.27,95.73,89.68,72.72,47.92,21.04,2016-05-10,2016-05-16,1
20160503,CA,4.27,95.73,89.68,74.37,49.15,21.04,2016-05-03,2016-05-09,1
20160426,CA,4.24,95.76,90.09,74.37,49.15,21.04,2016-04-26,2016-05-02,1
20160419,CA,4.24,95.76,90.09,74.37,49.15,21.04,2016-04-19,2016-04-25,1
20160412,CA,3.55,96.45,90.58,74.37,55.25,31.68,2016-04-12,2016-04-18,1
20160405,CA,3.55,96.45,90.58,74.37,55.25,31.68,2016-04-05,2016-04-11,1
20160329,CA,3.55,96.45,90.58,72.82,55.25,34.74,2016-03-29,2016-04-04,1
20160322,CA,1.16,98.84,91.55,72.86,55.31,34.74,2016-03-22,2016-03-28,1
20160315,CA,0.43,99.57,93.28,73.64,55.31,34.74,2016-03-15,2016-03-21,1
20160308,CA,0.43,99.57,97.49,83.16,60.86,38.48,2016-03-08,2016-03-14,1
20160301,CA,0.43,99.57,95.13,82.66,60.86,38.48,2016-03-01,2016-03-07,1
20160223,CA,0.43,99.57,94.38,81.82,60.86,38.48,2016-02-23,2016-02-29,1
20160216,CA,0.29,99.71,94.69,81.82,61.40,38.48,2016-02-16,2016-02-22,1
20160209,CA,0.22,99.78,94.77,81.82,61.40,38.48,2016-02-09,2016-02-15,1
20160202,CA,0.00,100.00,95.26,86.13,63.90,39.41,2016-02-02,2016-02-08,1
20160126,CA,0.00,100.00,95.35,86.13,63.96,40.21,2016-01-26,2016-02-01,1
20160119,CA,0.00,100.00,97.17,86.13,68.15,42.66,2016-01-19,2016-01-25,1
20160112,CA,0.00,100.00,97.33,87.55,69.07,42.66,2016-01-12,2016-01-18,1
20160105,CA,0.00,100.00,97.33,87.55,69.07,44.84,2016-01-05,2016-01-11,1
20151229,CA,0.00,100.00,97.33,87.55,69.07,44.84,2015-12-29,2016-01-04,1
20151222,CA,0.00,100.00,97.33,90.63,69.09,44.84,2015-12-22,2015-12-28,1
20151215,CA,0.14,99.86,97.33,90.63,69.09,44.84,2015-12-15,2015-12-21,1
20151208,CA,0.14,99.86,97.33,92.26,69.09,44.84,2015-12-08,2015-12-14,1
20151201,CA,0.14,99.86,97.33,92.26,70.55,44.84,2015-12-01,2015-12-07,1
20151124,CA,0.14,99.86,97.33,92.26,70.55,44.84,2015-11-24,2015-11-30,1
20151117,CA,0.14,99.86,97.33,92.26,70.55,44.84,2015-11-17,2015-11-23,1
20151110,CA,0.14,99.86,97.33,92.27,70.55,44.84,2015-11-10,2015-11-16,1
20151103,CA,0.14,99.86,97.33,92.27,70.55,44.84,2015-11-03,2015-11-09,1
20151027,CA,0.14,99.86,97.33,92.27,71.08,46.00,2015-10-27,2015-11-02,1
20151020,CA,0.14,99.86,97.33,92.27,71.08,46.00,2015-10-20,2015-10-26,1
20151013,CA,0.14,99.86,97.33,92.36,71.08,46.00,2015-10-13,2015-10-19,1
20151006,CA,0.14,99.86,97.33,92.36,71.08,46.00,2015-10-06,2015-10-12,1
20150929,CA,0.14,99.86,97.33,92.36,71.08,46.00,2015-09-29,2015-10-05,1
20150922,CA,0.14,99.86,97.33,92.36,71.08,46.00,2015-09-22,2015-09-28,1
20150915,CA,0.14,99.86,97.33,92.36,71.08,46.00,2015-09-15,2015-09-21,1
20150908,CA,0.14,99.86,97.35,92.36,71.08,46.00,2015-09-08,2015-09-14,1
20150901,CA,0.14,99.86,97.35,92.36,71.08,46.00,2015-09-01,2015-09-07,1
20150825,CA,0.14,99.86,97.35,92.36,71.08,46.00,2015-08-25,2015-08-31,1
20150818,CA,0.14,99.86,97.35,92.36,71.08,46.00,2015-08-18,2015-08-24,1
20150811,CA,0.14,99.86,97.35,92.36,71.08,46.00,2015-08-11,2015-08-17,1
20150804,CA,0.14,99.86,97.35,94.59,71.08,46.00,2015-08-04,2015-08-10,1
20150728,CA,0.14,99.86,97.35,94.59,71.08,46.00,2015-07-28,2015-08-03,1
20150721,CA,0.14,99.86,97.35,94.59,71.08,46.00,2015-07-21,2015-07-27,1
20150714,CA,0.14,99.86,98.71,94.59,71.08,46.00,2015-07-14,2015-07-20,1
20150707,CA,0.14,99.86,98.71,94.59,71.08,46.73,2015-07-07,2015-07-13,1
20150630,CA,0.14,99.86,98.71,94.59,71.08,46.73,2015-06-30,2015-07-06,1
20150623,CA,0.14,99.86,98.71,94.59,71.08,46.73,2015-06-23,2015-06-29,1
20150616,CA,0.14,99.86,98.71,94.59,71.08,46.73,2015-06-16,2015-06-22,1
20150609,CA,0.14,99.86,98.71,93.91,71.08,46.73,2015-06-09,2015-06-15,1
20150602,CA,0.14,99.86,98.71,93.91,69.61,46.73,2015-06-02,2015-06-08,1
20150526,CA,0.14,99.86,98.71,93.91,66.60,46.73,2015-05-26,2015-06-01,1
20150519,CA,0.14,99.86,98.28,93.91,66.60,46.77,2015-05-19,2015-05-25,1
20150512,CA,0.14,99.86,98.28,93.91,66.60,46.77,2015-05-12,2015-05-18,1
20150505,CA,0.14,99.86,98.28,93.91,66.60,46.77,2015-05-05,2015-05-11,1
20150428,CA,0.14,99.86,98.11,93.44,66.60,46.77,2015-04-28,2015-05-04,1
20150421,CA,0.14,99.86,98.11,93.44,66.60,46.77,2015-04-21,2015-04-27,1
20150414,CA,0.14,99.86,98.11,93.44,66.60,44.32,2015-04-14,2015-04-20,1
20150407,CA,0.15,99.85,98.11,93.44,66.60,44.32,2015-04-07,2015-04-13,1
20150331,CA,0.15,99.85,98.11,93.44,66.60,41.41,2015-03-31,2015-04-06,1
20150324,CA,0.15,99.85,98.11,93.44,66.60,41.41,2015-03-24,2015-03-30,1
20150317,CA,0.16,99.84,98.11,93.44,67.46,39.92,2015-03-17,2015-03-23,1
20150310,CA,0.16,99.84,98.11,93.44,67.46,39.92,2015-03-10,2015-03-16,1
20150303,CA,0.16,99.84,98.10,93.44,67.46,39.92,2015-03-03,2015-03-09,1
20150224,CA,0.16,99.84,98.10,93.44,67.46,39.92,2015-02-24,2015-03-02,1
20150217,CA,0.16,99.84,98.10,93.44,67.46,41.20,2015-02-17,2015-02-23,1
20150210,CA,0.16,99.84,98.10,93.44,67.46,39.99,2015-02-10,2015-02-16,1
20150203,CA,0.16,99.84,98.13,93.57,77.46,39.99,2015-02-03,2015-02-09,1
20150127,CA,0.00,100.00,98.13,94.34,77.52,39.99,2015-01-27,2015-02-02,1
20150120,CA,0.00,100.00,98.13,94.34,77.52,39.15,2015-01-20,2015-01-26,1
20150113,CA,0.00,100.00,98.12,94.34,77.52,39.15,2015-01-13,2015-01-19,1
20150106,CA,0.00,100.00,98.12,94.34,77.94,32.21,2015-01-06,2015-01-12,1
20141230,CA,0.00,100.00,98.12,94.34,77.94,32.21,2014-12-30,2015-01-05,1
20141223,CA,0.00,100.00,98.41,94.42,77.94,32.21,2014-12-23,2014-12-29,1
20141216,CA,0.00,100.00,98.41,94.42,77.94,32.21,2014-12-16,2014-12-22,1
20141209,CA,0.00,100.00,99.72,94.42,79.69,55.08,2014-12-09,2014-12-15,1
20141202,CA,0.00,100.00,99.72,94.42,79.69,55.08,2014-12-02,2014-12-08,1
20141125,CA,0.00,100.00,99.72,94.42,79.69,55.08,2014-11-25,2014-12-01,1
20141118,CA,0.00,100.00,99.72,94.42,79.69,55.08,2014-11-18,2014-11-24,1
20141111,CA,0.00,100.00,99.72,94.42,79.69,55.08,2014-11-11,2014-11-17,1
20141104,CA,0.00,100.00,99.71,94.42,79.69,55.08,2014-11-04,2014-11-10,1
20141028,CA,0.00,100.00,100.00,95.04,81.92,58.41,2014-10-28,2014-11-03,1
20141021,CA,0.00,100.00,100.00,95.04,81.92,58.41,2014-10-21,2014-10-27,1
20141014,CA,0.00,100.00,100.00,95.04,81.92,58.41,2014-10-14,2014-10-20,1
20141007,CA,0.00,100.00,100.00,95.04,81.92,58.41,2014-10-07,2014-10-13,1
20140930,CA,0.00,100.00,100.00,95.04,81.92,58.41,2014-09-30,2014-10-06,1
20140923,CA,0.00,100.00,100.00,95.34,81.92,58.41,2014-09-23,2014-09-29,1
20140916,CA,0.00,100.00,100.00,95.42,81.92,58.41,2014-09-16,2014-09-22,1
20140909,CA,0.00,100.00,100.00,95.42,81.92,58.41,2014-09-09,2014-09-15,1
20140902,CA,0.00,100.00,100.00,95.42,81.92,58.41,2014-09-02,2014-09-08,1
20140826,CA,0.00,100.00,100.00,95.42,81.92,58.41,2014-08-26,2014-09-01,1
20140819,CA,0.00,100.00,100.00,97.59,81.92,58.41,2014-08-19,2014-08-25,1
20140812,CA,0.00,100.00,100.00,99.80,81.92,58.41,2014-08-12,2014-08-18,1
20140805,CA,0.00,100.00,100.00,99.80,81.92,58.41,2014-08-05,2014-08-11,1
20140729,CA,0.00,100.00,100.00,100.00,81.89,58.41,2014-07-29,2014-08-04,1
20140722,CA,0.00,100.00,100.00,100.00,81.89,36.49,2014-07-22,2014-07-28,1
20140715,CA,0.00,100.00,100.00,100.00,81.85,36.49,2014-07-15,2014-07-21,1
20140708,CA,0.00,100.00,100.00,100.00,78.97,36.46,2014-07-08,2014-07-14,1
20140701,CA,0.00,100.00,100.00,100.00,78.97,36.46,2014-07-01,2014-07-07,1
20140624,CA,0.00,100.00,100.00,100.00,76.69,32.98,2014-06-24,2014-06-30,1
20140617,CA,0.00,100.00,100.00,100.00,76.69,32.98,2014-06-17,2014-06-23,1
20140610,CA,0.00,100.00,100.00,100.00,76.68,24.77,2014-06-10,2014-06-16,1
20140603,CA,0.00,100.00,100.00,100.00,76.68,24.77,2014-06-03,2014-06-09,1
20140527,CA,0.00,100.00,100.00,100.00,76.68,24.77,2014-05-27,2014-06-02,1
20140520,CA,0.00,100.00,100.00,100.00,76.68,24.77,2014-05-20,2014-05-26,1
20140513,CA,0.00,100.00,100.00,100.00,76.68,24.77,2014-05-13,2014-05-19,1
20140506,CA,0.00,100.00,100.00,95.93,76.68,24.77,2014-05-06,2014-05-12,1
20140429,CA,0.00,100.00,100.00,96.01,76.68,24.77,2014-04-29,2014-05-05,1
20140422,CA,0.00,100.00,100.00,96.01,76.68,24.77,2014-04-22,2014-04-28,1
20140415,CA,0.00,100.00,99.80,95.21,68.76,23.49,2014-04-15,2014-04-21,1
20140408,CA,0.00,100.00,99.81,95.21,68.76,23.49,2014-04-08,2014-04-14,1
20140401,CA,0.00,100.00,99.81,95.21,68.76,23.49,2014-04-01,2014-04-07,1
20140325,CA,0.00,100.00,99.80,95.21,71.78,23.42,2014-03-25,2014-03-31,1
20140318,CA,0.01,99.99,99.80,93.08,71.78,22.37,2014-03-18,2014-03-24,1
20140311,CA,0.01,99.99,94.56,90.81,65.89,22.37,2014-03-11,2014-03-17,1
20140304,CA,0.00,100.00,94.56,90.82,65.89,22.37,2014-03-04,2014-03-10,1
20140225,CA,0.00,100.00,94.56,90.82,73.83,26.21,2014-02-25,2014-03-03,1
20140218,CA,0.00,100.00,94.54,90.82,68.30,14.62,2014-02-18,2014-02-24,1
20140211,CA,1.43,98.57,94.54,91.59,60.94,9.81,2014-02-11,2014-02-17,1
20140204,CA,1.43,98.57,94.18,89.91,67.13,9.81,2014-02-04,2014-02-10,1
20140128,CA,1.43,98.57,94.18,89.91,67.13,8.77,2014-01-28,2014-02-03,1
20140121,CA,1.43,98.57,94.18,89.91,62.71,0.00,2014-01-21,2014-01-27,1
20140114,CA,1.43,98.57,94.18,89.91,62.71,0.00,2014-01-14,2014-01-20,1
20140107,CA,1.43,98.57,94.25,87.53,27.59,0.00,2014-01-07,2014-01-13,1
20131231,CA,2.61,97.39,94.25,87.53,27.59,0.00,2013-12-31,2014-01-06,1
20131224,CA,2.61,97.39,94.25,84.88,27.59,0.00,2013-12-24,2013-12-30,1
20131217,CA,2.61,97.39,94.25,82.53,27.59,0.00,2013-12-17,2013-12-23,1
20131210,CA,2.61,97.39,94.15,82.53,27.59,0.00,2013-12-10,2013-12-16,1
20131203,CA,2.61,97.39,94.15,82.53,27.59,0.00,2013-12-03,2013-12-09,1
20131126,CA,2.61,97.39,94.15,82.53,27.59,0.00,2013-11-26,2013-12-02,1
20131119,CA,2.61,97.39,96.00,84.12,27.59,0.00,2013-11-19,2013-11-25,1
20131112,CA,2.61,97.39,96.00,84.12,11.36,0.00,2013-11-12,2013-11-18,1
20131105,CA,2.62,97.38,95.98,84.12,11.36,0.00,2013-11-05,2013-11-11,1
20131029,CA,2.66,97.34,95.98,84.12,11.36,0.00,2013-10-29,2013-11-04,1
20131022,CA,2.66,97.34,95.98,84.12,11.36,0.00,2013-10-22,2013-10-28,1
20131015,CA,2.65,97.35,95.95,84.12,11.36,0.00,2013-10-15,2013-10-21,1
20131008,CA,2.52,97.48,95.95,84.12,11.36,0.00,2013-10-08,2013-10-14,1
20131001,CA,2.63,97.37,95.95,84.12,11.36,0.00,2013-10-01,2013-10-07,1
20130924,CA,2.63,97.37,96.04,89.84,11.36,0.00,2013-09-24,2013-09-30,1
20130917,CA,2.63,97.37,96.04,89.84,11.36,0.00,2013-09-17,2013-09-23,1
20130910,CA,0.00,100.00,97.08,92.94,11.36,0.00,2013-09-10,2013-09-16,1
20130903,CA,0.00,100.00,97.08,92.94,11.36,0.00,2013-09-03,2013-09-09,1
20130827,CA,0.00,100.00,98.23,93.86,11.36,0.00,2013-08-27,2013-09-02,1
20130820,CA,0.00,100.00,98.23,93.86,11.36,0.00,2013-08-20,2013-08-26,1
20130813,CA,0.00,100.00,98.23,93.86,11.36,0.00,2013-08-13,2013-08-19,1
20130806,CA,0.00,100.00,98.23,93.86,0.00,0.00,2013-08-06,2013-08-12,1
20130730,CA,0.00,100.00,98.23,93.86,0.00,0.00,2013-07-30,2013-08-05,1
20130723,CA,0.00,100.00,98.23,93.96,0.00,0.00,2013-07-23,2013-07-29,1
20130716,CA,0.00,100.00,98.23,93.96,0.00,0.00,2013-07-16,2013-07-22,1
20130709,CA,0.00,100.00,98.23,92.70,0.00,0.00,2013-07-09,2013-07-15,1
20130702,CA,0.00,100.00,98.23,92.70,0.00,0.00,2013-07-02,2013-07-08,1
20130625,CA,0.00,100.00,98.21,92.61,0.00,0.00,2013-06-25,2013-07-01,1
20130618,CA,0.00,100.00,98.21,67.07,0.00,0.00,2013-06-18,2013-06-24,1
20130611,CA,0.00,100.00,98.16,53.54,0.00,0.00,2013-06-11,2013-06-17,1
20130604,CA,0.00,100.00,98.16,53.64,0.00,0.00,2013-06-04,2013-06-10,1
20130528,CA,0.00,100.00,98.16,46.25,0.00,0.00,2013-05-28,2013-06-03,1
20130521,CA,0.00,100.00,98.16,46.25,0.00,0.00,2013-05-21,2013-05-27,1
20130514,CA,0.00,100.00,98.16,46.25,0.00,0.00,2013-05-14,2013-05-20,1
20130507,CA,0.00,100.00,98.16,46.25,0.00,0.00,2013-05-07,2013-05-13,1
20130430,CA,0.00,100.00,64.30,32.82,0.00,0.00,2013-04-30,2013-05-06,1
20130423,CA,2.84,97.16,63.42,30.00,0.00,0.00,2013-04-23,2013-04-29,1
20130416,CA,2.84,97.16,48.39,23.22,0.00,0.00,2013-04-16,2013-04-22,1
20130409,CA,2.84,97.16,48.39,23.22,0.00,0.00,2013-04-09,2013-04-15,1
20130402,CA,0.00,100.00,48.38,24.22,0.00,0.00,2013-04-02,2013-04-08,1
20130326,CA,0.00,100.00,48.38,24.22,0.00,0.00,2013-03-26,2013-04-01,1
20130319,CA,12.85,87.15,48.38,24.19,0.00,0.00,2013-03-19,2013-03-25,1
20130312,CA,15.63,84.37,46.23,24.19,0.00,0.00,2013-03-12,2013-03-18,1
20130305,CA,0.03,99.97,47.37,26.96,0.00,0.00,2013-03-05,2013-03-11,1
20130226,CA,0.02,99.98,47.13,26.96,0.00,0.00,2013-02-26,2013-03-04,1
20130219,CA,15.45,84.55,47.18,23.72,0.00,0.00,2013-02-19,2013-02-25,1
20130212,CA,34.53,65.47,47.18,23.72,0.00,0.00,2013-02-12,2013-02-18,1
20130205,CA,34.20,65.80,47.18,21.57,0.00,0.00,2013-02-05,2013-02-11,1
20130129,CA,34.20,65.80,47.18,21.57,0.00,0.00,2013-01-29,2013-02-04,1
20130122,CA,34.20,65.80,53.58,21.57,0.00,0.00,2013-01-22,2013-01-28,1
20130115,CA,34.20,65.80,53.58,21.57,0.00,0.00,2013-01-15,2013-01-21,1
20130108,CA,32.42,67.58,55.02,21.37,0.00,0.00,2013-01-08,2013-01-14,1
20130101,CA,31.75,68.25,55.32,22.50,0.00,0.00,2013-01-01,2013-01-07,1
20121225,CA,30.94,69.06,56.19,25.22,0.05,0.00,2012-12-25,2012-12-31,1
20121218,CA,30.94,69.06,56.19,26.15,0.05,0.00,2012-12-18,2012-12-24,1
20121211,CA,30.94,69.06,57.94,26.59,0.05,0.00,2012-12-11,2012-12-17,1
20121204,CA,23.15,76.85,59.36,26.59,0.05,0.00,2012-12-04,2012-12-10,1
20121127,CA,6.77,93.23,70.47,28.16,1.14,0.00,2012-11-27,2012-12-03,1
20121120,CA,4.82,95.18,67.67,21.61,1.14,0.00,2012-11-20,2012-11-26,1
20121113,CA,7.19,92.81,66.37,19.10,1.14,0.00,2012-11-13,2012-11-19,1
20121106,CA,7.19,92.81,67.75,19.10,1.14,0.00,2012-11-06,2012-11-12,1
20121030,CA,6.73,93.27,68.48,19.10,1.14,0.00,2012-10-30,2012-11-05,1
20121023,CA,6.75,93.25,68.48,19.10,1.14,0.00,2012-10-23,2012-10-29,1
20121016,CA,6.64,93.36,68.48,19.10,1.14,0.00,2012-10-16,2012-10-22,1
20121009,CA,6.64,93.36,69.57,21.98,1.14,0.00,2012-10-09,2012-10-15,1
20121002,CA,11.94,88.06,69.41,21.98,1.14,0.00,2012-10-02,2012-10-08,1
20120925,CA,11.95,88.05,69.41,22.27,1.14,0.00,2012-09-25,2012-10-01,1
20120918,CA,11.95,88.05,69.09,22.27,1.14,0.00,2012-09-18,2012-09-24,1
20120911,CA,11.74,88.26,69.13,22.31,1.14,0.00,2012-09-11,2012-09-17,1
20120904,CA,11.74,88.26,69.28,22.76,1.14,0.00,2012-09-04,2012-09-10,1
20120828,CA,11.74,88.26,69.44,23.05,1.14,0.00,2012-08-28,2012-09-03,1
20120821,CA,11.30,88.70,69.20,23.30,0.29,0.00,2012-08-21,2012-08-27,1
20120814,CA,11.30,88.70,63.84,23.31,0.29,0.00,2012-08-14,2012-08-20,1
20120807,CA,11.64,88.36,63.80,23.31,0.29,0.00,2012-08-07,2012-08-13,1
20120731,CA,11.64,88.36,63.80,23.60,0.29,0.00,2012-07-31,2012-08-06,1
20120724,CA,11.64,88.36,63.80,26.85,0.29,0.00,2012-07-24,2012-07-30,1
20120717,CA,15.88,84.12,59.74,22.92,0.00,0.00,2012-07-17,2012-07-23,1
20120710,CA,15.88,84.12,59.74,22.92,0.00,0.00,2012-07-10,2012-07-16,1
20120703,CA,15.88,84.12,59.77,22.92,0.00,0.00,2012-07-03,2012-07-09,1
20120626,CA,15.89,84.11,59.51,22.76,0.00,0.00,2012-06-26,2012-07-02,1
20120619,CA,15.89,84.11,59.51,22.60,0.00,0.00,2012-06-19,2012-06-25,1
20120612,CA,15.89,84.11,58.89,22.60,0.00,0.00,2012-06-12,2012-06-18,1
20120605,CA,15.89,84.11,58.89,22.60,0.00,0.00,2012-06-05,2012-06-11,1
20120529,CA,15.89,84.11,58.89,22.60,0.00,0.00,2012-05-29,2012-06-04,1
20120522,CA,15.89,84.11,58.89,22.60,0.00,0.00,2012-05-22,2012-05-28,1
20120515,CA,15.89,84.11,58.89,22.60,0.00,0.00,2012-05-15,2012-05-21,1
20120508,CA,15.89,84.11,58.89,21.14,0.00,0.00,2012-05-08,2012-05-14,1
20120501,CA,15.84,84.16,58.97,21.14,0.00,0.00,2012-05-01,2012-05-07,1
20120424,CA,15.84,84.16,60.23,22.87,0.00,0.00,2012-04-24,2012-04-30,1
20120417,CA,15.84,84.16,60.23,26.35,0.00,0.00,2012-04-17,2012-04-23,1
20120410,CA,4.89,95.11,81.47,49.00,0.00,0.00,2012-04-10,2012-04-16,1
20120403,CA,3.54,96.46,82.01,46.25,0.00,0.00,2012-04-03,2012-04-09,1
20120327,CA,2.22,97.78,89.61,46.25,0.00,0.00,2012-03-27,2012-04-02,1
20120320,CA,2.22,97.78,89.61,40.14,0.00,0.00,2012-03-20,2012-03-26,1
20120313,CA,0.11,99.89,90.14,45.73,0.00,0.00,2012-03-13,2012-03-19,1
20120306,CA,4.39,95.61,75.24,16.02,0.00,0.00,2012-03-06,2012-03-12,1
20120228,CA,4.39,95.61,72.09,16.02,0.00,0.00,2012-02-28,2012-03-05,1
20120221,CA,4.77,95.23,67.76,5.06,0.00,0.00,2012-02-21,2012-02-27,1
20120214,CA,10.37,89.63,59.06,0.00,0.00,0.00,2012-02-14,2012-02-20,1
20120207,CA,10.37,89.63,59.06,0.00,0.00,0.00,2012-02-07,2012-02-13,1
20120131,CA,11.09,88.91,57.33,0.00,0.00,0.00,2012-01-31,2012-02-06,1
20120124,CA,19.12,80.88,41.23,0.00,0.00,0.00,2012-01-24,2012-01-30,1
20120117,CA,18.74,81.26,46.34,3.10,0.00,0.00,2012-01-17,2012-01-23,1
20120110,CA,19.10,80.90,46.34,3.10,0.00,0.00,2012-01-10,2012-01-16,1
20120103,CA,29.91,70.09,46.34,0.00,0.00,0.00,2012-01-03,2012-01-09,1
20111227,CA,33.91,66.09,5.41,0.00,0.00,0.00,2011-12-27,2012-01-02,1
20111220,CA,71.58,28.42,0.00,0.00,0.00,0.00,2011-12-20,2011-12-26,1
20111213,CA,74.32,25.68,0.00,0.00,0.00,0.00,2011-12-13,2011-12-19,1
20111206,CA,82.53,17.47,0.00,0.00,0.00,0.00,2011-12-06,2011-12-12,1
20111129,CA,88.32,11.68,0.00,0.00,0.00,0.00,2011-11-29,2011-12-05,1
20111122,CA,88.42,11.58,0.00,0.00,0.00,0.00,2011-11-22,2011-11-28,1
20111115,CA,88.42,11.58,0.00,0.00,0.00,0.00,2011-11-15,2011-11-21,1
20111108,CA,88.51,11.49,0.00,0.00,0.00,0.00,2011-11-08,2011-11-14,1
20111101,CA,89.22,10.78,0.00,0.00,0.00,0.00,2011-11-01,2011-11-07,1
20111025,CA,89.25,10.75,0.00,0.00,0.00,0.00,2011-10-25,2011-10-31,1
20111018,CA,89.25,10.75,0.00,0.00,0.00,0.00,2011-10-18,2011-10-24,1
20111011,CA,89.25,10.75,0.00,0.00,0.00,0.00,2011-10-11,2011-10-17,1
20111004,CA,89.25,10.75,0.00,0.00,0.00,0.00,2011-10-04,2011-10-10,1
20110927,CA,89.14,10.86,0.00,0.00,0.00,0.00,2011-09-27,2011-10-03,1
20110920,CA,89.14,10.86,0.00,0.00,0.00,0.00,2011-09-20,2011-09-26,1
20110913,CA,87.36,12.64,0.00,0.00,0.00,0.00,2011-09-13,2011-09-19,1
20110906,CA,87.55,12.45,0.00,0.00,0.00,0.00,2011-09-06,2011-09-12,1
20110830,CA,92.14,7.86,0.00,0.00,0.00,0.00,2011-08-30,2011-09-05,1
20110823,CA,92.12,7.88,0.00,0.00,0.00,0.00,2011-08-23,2011-08-29,1
20110816,CA,92.12,7.88,0.00,0.00,0.00,0.00,2011-08-16,2011-08-22,1
20110809,CA,85.34,14.66,0.00,0.00,0.00,0.00,2011-08-09,2011-08-15,1
20110802,CA,85.34,14.66,0.00,0.00,0.00,0.00,2011-08-02,2011-08-08,1
20110726,CA,85.34,14.66,0.00,0.00,0.00,0.00,2011-07-26,2011-08-01,1
20110719,CA,85.34,14.66,0.00,0.00,0.00,0.00,2011-07-19,2011-07-25,1
20110712,CA,87.87,12.13,0.00,0.00,0.00,0.00,2011-07-12,2011-07-18,1
20110705,CA,87.71,12.29,0.00,0.00,0.00,0.00,2011-07-05,2011-07-11,1
20110628,CA,87.71,12.29,0.00,0.00,0.00,0.00,2011-06-28,2011-07-04,1
20110621,CA,99.99,0.01,0.00,0.00,0.00,0.00,2011-06-21,2011-06-27,1
20110614,CA,99.99,0.01,0.00,0.00,0.00,0.00,2011-06-14,2011-06-20,1
20110607,CA,99.99,0.01,0.00,0.00,0.00,0.00,2011-06-07,2011-06-13,1
20110531,CA,99.99,0.01,0.00,0.00,0.00,0.00,2011-05-31,2011-06-06,1
20110524,CA,99.99,0.01,0.00,0.00,0.00,0.00,2011-05-24,2011-05-30,1
20110517,CA,99.99,0.01,0.00,0.00,0.00,0.00,2011-05-17,2011-05-23,1
20110510,CA,99.99,0.01,0.00,0.00,0.00,0.00,2011-05-10,2011-05-16,1
20110503,CA,99.99,0.01,0.00,0.00,0.00,0.00,2011-05-03,2011-05-09,1
20110426,CA,99.99,0.01,0.00,0.00,0.00,0.00,2011-04-26,2011-05-02,1
20110419,CA,99.99,0.01,0.00,0.00,0.00,0.00,2011-04-19,2011-04-25,1
20110412,CA,99.99,0.01,0.00,0.00,0.00,0.00,2011-04-12,2011-04-18,1
20110405,CA,99.99,0.01,0.00,0.00,0.00,0.00,2011-04-05,2011-04-11,1
20110329,CA,99.94,0.06,0.00,0.00,0.00,0.00,2011-03-29,2011-04-04,1
20110322,CA,96.87,3.13,0.00,0.00,0.00,0.00,2011-03-22,2011-03-28,1
20110315,CA,94.20,5.80,0.00,0.00,0.00,0.00,2011-03-15,2011-03-21,1
20110308,CA,94.20,5.80,0.00,0.00,0.00,0.00,2011-03-08,2011-03-14,1
20110301,CA,99.94,0.06,0.00,0.00,0.00,0.00,2011-03-01,2011-03-07,1
20110222,CA,99.94,0.06,0.00,0.00,0.00,0.00,2011-02-22,2011-02-28,1
20110215,CA,77.34,22.66,0.00,0.00,0.00,0.00,2011-02-15,2011-02-21,1
20110208,CA,77.34,22.66,0.00,0.00,0.00,0.00,2011-02-08,2011-02-14,1
20110201,CA,99.94,0.06,0.00,0.00,0.00,0.00,2011-02-01,2011-02-07,1
20110125,CA,99.94,0.06,0.00,0.00,0.00,0.00,2011-01-25,2011-01-31,1
20110118,CA,99.94,0.06,0.00,0.00,0.00,0.00,2011-01-18,2011-01-24,1
20110111,CA,99.93,0.07,0.00,0.00,0.00,0.00,2011-01-11,2011-01-17,1
20110104,CA,98.62,1.38,0.00,0.00,0.00,0.00,2011-01-04,2011-01-10,1
20101228,CA,98.62,1.38,0.00,0.00,0.00,0.00,2010-12-28,2011-01-03,1
20101221,CA,94.86,5.14,0.00,0.00,0.00,0.00,2010-12-21,2010-12-27,1
20101214,CA,79.56,20.44,1.25,0.00,0.00,0.00,2010-12-14,2010-12-20,1
20101207,CA,78.93,21.07,2.14,0.00,0.00,0.00,2010-12-07,2010-12-13,1
20101130,CA,81.67,18.33,2.41,0.00,0.00,0.00,2010-11-30,2010-12-06,1
20101123,CA,90.14,9.86,2.41,0.00,0.00,0.00,2010-11-23,2010-11-29,1
20101116,CA,90.14,9.86,4.62,0.19,0.00,0.00,2010-11-16,2010-11-22,1
20101109,CA,90.14,9.86,4.62,0.19,0.00,0.00,2010-11-09,2010-11-15,1
20101102,CA,90.14,9.86,4.62,0.19,0.00,0.00,2010-11-02,2010-11-08,1
20101026,CA,90.14,9.86,4.62,0.19,0.00,0.00,2010-10-26,2010-11-01,1
20101019,CA,88.08,11.92,6.07,0.24,0.00,0.00,2010-10-19,2010-10-25,1
20101012,CA,88.08,11.92,6.07,0.24,0.00,0.00,2010-10-12,2010-10-18,1
20101005,CA,85.44,14.56,8.08,0.24,0.00,0.00,2010-10-05,2010-10-11,1
20100928,CA,85.44,14.56,8.08,0.24,0.00,0.00,2010-09-28,2010-10-04,1
20100921,CA,85.44,14.56,8.08,0.24,0.00,0.00,2010-09-21,2010-09-27,1
20100914,CA,85.44,14.56,8.08,0.24,0.00,0.00,2010-09-14,2010-09-20,1
20100907,CA,85.44,14.56,8.08,0.24,0.00,0.00,2010-09-07,2010-09-13,1
20100831,CA,85.44,14.56,8.08,0.24,0.00,0.00,2010-08-31,2010-09-06,1
20100824,CA,85.44,14.56,8.08,0.24,0.00,0.00,2010-08-24,2010-08-30,1
20100817,CA,85.44,14.56,8.08,0.24,0.00,0.00,2010-08-17,2010-08-23,1
20100810,CA,85.44,14.56,8.08,0.24,0.00,0.00,2010-08-10,2010-08-16,1
20100803,CA,85.44,14.56,8.08,0.24,0.00,0.00,2010-08-03,2010-08-09,1
20100727,CA,87.46,12.54,8.08,0.24,0.00,0.00,2010-07-27,2010-08-02,1
20100720,CA,87.79,12.21,8.08,0.24,0.00,0.00,2010-07-20,2010-07-26,1
20100713,CA,87.97,12.03,8.08,0.24,0.00,0.00,2010-07-13,2010-07-19,1
20100706,CA,87.97,12.03,8.08,0.24,0.00,0.00,2010-07-06,2010-07-12,1
20100629,CA,87.97,12.03,8.08,0.24,0.00,0.00,2010-06-29,2010-07-05,1
20100622,CA,87.97,12.03,8.08,0.24,0.00,0.00,2010-06-22,2010-06-28,1
20100615,CA,87.97,12.03,8.08,0.24,0.00,0.00,2010-06-15,2010-06-21,1
20100608,CA,87.97,12.03,8.08,5.97,0.00,0.00,2010-06-08,2010-06-14,1
20100601,CA,87.02,12.98,8.08,5.97,0.00,0.00,2010-06-01,2010-06-07,1
20100525,CA,87.02,12.98,8.08,5.97,0.00,0.00,2010-05-25,2010-05-31,1
20100518,CA,81.30,18.70,8.58,6.96,0.00,0.00,2010-05-18,2010-05-24,1
20100511,CA,72.69,27.31,9.13,7.09,0.00,0.00,2010-05-11,2010-05-17,1
20100504,CA,72.82,27.18,9.89,7.10,0.00,0.00,2010-05-04,2010-05-10,1
20100427,CA,72.82,27.18,9.89,7.10,0.00,0.00,2010-04-27,2010-05-03,1
20100420,CA,67.61,32.39,9.89,7.10,0.00,0.00,2010-04-20,2010-04-26,1
20100413,CA,67.76,32.24,9.89,7.10,0.00,0.00,2010-04-13,2010-04-19,1
20100406,CA,63.21,36.79,9.89,7.10,0.00,0.00,2010-04-06,2010-04-12,1
20100330,CA,63.24,36.76,9.91,7.10,0.00,0.00,2010-03-30,2010-04-05,1
20100323,CA,64.29,35.71,9.91,7.10,0.00,0.00,2010-03-23,2010-03-29,1
20100316,CA,66.08,33.92,10.14,6.75,0.00,0.00,2010-03-16,2010-03-22,1
20100309,CA,66.67,33.33,10.91,5.88,0.00,0.00,2010-03-09,2010-03-15,1
20100302,CA,64.59,35.41,10.72,4.28,0.00,0.00,2010-03-02,2010-03-08,1
20100223,CA,64.59,35.41,10.72,4.28,0.00,0.00,2010-02-23,2010-03-01,1
20100216,CA,64.05,35.95,10.98,4.28,0.00,0.00,2010-02-16,2010-02-22,1
20100209,CA,44.32,55.68,10.98,2.19,0.00,0.00,2010-02-09,2010-02-15,1
20100202,CA,43.19,56.81,18.75,2.19,0.00,0.00,2010-02-02,2010-02-08,1
20100126,CA,42.61,57.39,19.41,2.19,0.00,0.00,2010-01-26,2010-02-01,1
20100119,CA,7.94,92.06,63.20,13.98,0.00,0.00,2010-01-19,2010-01-25,1
20100112,CA,6.56,93.44,72.94,21.22,0.00,0.00,2010-01-12,2010-01-18,1
20100105,CA,6.56,93.44,72.75,9.04,0.00,0.00,2010-01-05,2010-01-11,1
20091229,CA,6.56,93.44,72.16,9.24,0.00,0.00,2009-12-29,2010-01-04,1
20091222,CA,6.56,93.44,72.16,9.24,0.00,0.00,2009-12-22,2009-12-28,1
20091215,CA,6.56,93.44,72.16,9.24,0.00,0.00,2009-12-15,2009-12-21,1
20091208,CA,7.72,92.28,74.05,17.26,0.00,0.00,2009-12-08,2009-12-14,1
20091201,CA,7.72,92.28,74.05,17.26,0.00,0.00,2009-12-01,2009-12-07,1
20091124,CA,8.40,91.60,73.62,17.26,0.00,0.00,2009-11-24,2009-11-30,1
20091117,CA,7.59,92.41,77.32,17.70,0.00,0.00,2009-11-17,2009-11-23,1
20091110,CA,7.59,92.41,77.32,17.70,0.00,0.00,2009-11-10,2009-11-16,1
20091103,CA,7.59,92.41,77.35,17.70,0.00,0.00,2009-11-03,2009-11-09,1
20091027,CA,9.09,90.91,62.51,17.70,0.00,0.00,2009-10-27,2009-11-02,1
20091020,CA,10.59,89.41,61.23,17.70,0.00,0.00,2009-10-20,2009-10-26,1
20091013,CA,0.00,100.00,73.44,45.82,0.00,0.00,2009-10-13,2009-10-19,1
20091006,CA,0.00,100.00,73.44,45.82,0.00,0.00,2009-10-06,2009-10-12,1
20090929,CA,0.00,100.00,73.44,45.82,0.00,0.00,2009-09-29,2009-10-05,1
20090922,CA,0.00,100.00,73.44,45.82,0.00,0.00,2009-09-22,2009-09-28,1
20090915,CA,0.00,100.00,73.44,45.82,0.00,0.00,2009-09-15,2009-09-21,1
20090908,CA,0.00,100.00,73.44,45.82,0.00,0.00,2009-09-08,2009-09-14,1
20090901,CA,0.00,100.00,73.44,45.82,0.00,0.00,2009-09-01,2009-09-07,1
20090825,CA,0.02,99.98,72.86,42.80,0.00,0.00,2009-08-25,2009-08-31,1
20090818,CA,0.02,99.98,72.86,42.80,0.00,0.00,2009-08-18,2009-08-24,1
20090811,CA,0.80,99.20,72.86,42.80,0.00,0.00,2009-08-11,2009-08-17,1
20090804,CA,0.78,99.22,72.86,44.26,0.00,0.00,2009-08-04,2009-08-10,1
20090728,CA,2.47,97.53,72.86,44.26,0.00,0.00,2009-07-28,2009-08-03,1
20090721,CA,2.47,97.53,72.86,44.26,0.00,0.00,2009-07-21,2009-07-27,1
20090714,CA,2.47,97.53,72.86,44.26,0.00,0.00,2009-07-14,2009-07-20,1
20090707,CA,2.47,97.53,72.86,44.26,0.00,0.00,2009-07-07,2009-07-13,1
20090630,CA,2.86,97.14,72.01,44.26,0.00,0.00,2009-06-30,2009-07-06,1
20090623,CA,2.86,97.14,72.01,44.26,0.00,0.00,2009-06-23,2009-06-29,1
20090616,CA,2.81,97.19,72.01,44.26,0.00,0.00,2009-06-16,2009-06-22,1
20090609,CA,2.72,97.28,72.00,44.26,0.00,0.00,2009-06-09,2009-06-15,1
20090602,CA,2.72,97.28,72.32,44.25,0.00,0.00,2009-06-02,2009-06-08,1
20090526,CA,3.62,96.38,72.11,35.29,0.00,0.00,2009-05-26,2009-06-01,1
20090519,CA,3.62,96.38,72.11,35.29,0.00,0.00,2009-05-19,2009-05-25,1
20090512,CA,3.65,96.35,72.11,35.29,0.00,0.00,2009-05-12,2009-05-18,1
20090505,CA,3.65,96.35,72.11,35.29,0.00,0.00,2009-05-05,2009-05-11,1
20090428,CA,3.65,96.35,73.00,38.81,0.00,0.00,2009-04-28,2009-05-04,1
20090421,CA,3.65,96.35,73.00,38.81,0.00,0.00,2009-04-21,2009-04-27,1
20090414,CA,5.15,94.85,62.69,35.49,0.00,0.00,2009-04-14,2009-04-20,1
20090407,CA,5.15,94.85,62.69,35.49,0.00,0.00,2009-04-07,2009-04-13,1
20090331,CA,5.15,94.85,63.83,22.53,0.00,0.00,2009-03-31,2009-04-06,1
20090324,CA,5.15,94.85,63.83,22.53,0.00,0.00,2009-03-24,2009-03-30,1
20090317,CA,5.15,94.85,63.83,22.50,0.00,0.00,2009-03-17,2009-03-23,1
20090310,CA,5.15,94.85,62.32,22.50,0.00,0.00,2009-03-10,2009-03-16,1
20090303,CA,5.15,94.85,70.73,41.84,4.37,0.00,2009-03-03,2009-03-09,1
20090224,CA,5.15,94.85,70.73,49.69,14.78,0.00,2009-02-24,2009-03-02,1
20090217,CA,5.15,94.85,70.73,50.06,16.70,0.00,2009-02-17,2009-02-23,1
20090210,CA,0.90,99.10,78.76,54.70,19.00,0.00,2009-02-10,2009-02-16,1
20090203,CA,0.77,99.23,89.43,54.70,19.01,0.00,2009-02-03,2009-02-09,1
20090127,CA,1.23,98.77,88.21,48.90,15.94,0.00,2009-01-27,2009-02-02,1
20090120,CA,1.71,98.29,88.21,48.90,12.97,0.00,2009-01-20,2009-01-26,1
20090113,CA,1.71,98.29,88.21,44.08,2.77,0.00,2009-01-13,2009-01-19,1
20090106,CA,1.71,98.29,88.21,41.26,2.77,0.00,2009-01-06,2009-01-12,1
20081230,CA,1.69,98.31,88.21,43.02,2.77,0.00,2008-12-30,2009-01-05,1
20081223,CA,0.07,99.93,88.79,43.02,2.77,0.00,2008-12-23,2008-12-29,1
20081216,CA,0.00,100.00,93.97,50.72,5.83,0.00,2008-12-16,2008-12-22,1
20081209,CA,0.00,100.00,87.41,49.19,3.21,0.00,2008-12-09,2008-12-15,1
20081202,CA,0.00,100.00,86.02,41.34,0.00,0.00,2008-12-02,2008-12-08,1
20081125,CA,4.71,95.29,86.02,41.34,0.00,0.00,2008-11-25,2008-12-01,1
20081118,CA,4.71,95.29,86.02,41.34,0.00,0.00,2008-11-18,2008-11-24,1
20081111,CA,4.71,95.29,86.02,41.34,0.00,0.00,2008-11-11,2008-11-17,1
20081104,CA,0.00,100.00,90.51,40.37,0.00,0.00,2008-11-04,2008-11-10,1
20081028,CA,0.00,100.00,93.55,55.56,0.00,0.00,2008-10-28,2008-11-03,1
20081021,CA,0.00,100.00,93.48,55.62,0.00,0.00,2008-10-21,2008-10-27,1
20081014,CA,0.05,99.95,95.81,55.11,0.00,0.00,2008-10-14,2008-10-20,1
20081007,CA,0.04,99.96,95.90,55.00,0.00,0.00,2008-10-07,2008-10-13,1
20080930,CA,0.04,99.96,95.90,55.23,2.05,0.00,2008-09-30,2008-10-06,1
20080923,CA,0.04,99.96,95.90,55.23,2.05,0.00,2008-09-23,2008-09-29,1
20080916,CA,0.04,99.96,95.90,48.77,0.00,0.00,2008-09-16,2008-09-22,1
20080909,CA,0.04,99.96,95.90,48.77,0.00,0.00,2008-09-09,2008-09-15,1
20080902,CA,0.04,99.96,98.43,44.47,0.00,0.00,2008-09-02,2008-09-08,1
20080826,CA,0.04,99.96,97.69,43.08,0.00,0.00,2008-08-26,2008-09-01,1
20080819,CA,0.04,99.96,96.88,41.38,0.00,0.00,2008-08-19,2008-08-25,1
20080812,CA,0.04,99.96,88.88,38.70,0.00,0.00,2008-08-12,2008-08-18,1
20080805,CA,0.06,99.94,88.88,38.70,0.00,0.00,2008-08-05,2008-08-11,1
20080729,CA,0.06,99.94,88.88,38.70,0.00,0.00,2008-07-29,2008-08-04,1
20080722,CA,0.12,99.88,88.88,16.57,0.00,0.00,2008-07-22,2008-07-28,1
20080715,CA,0.06,99.94,89.20,18.07,0.00,0.00,2008-07-15,2008-07-21,1
20080708,CA,0.14,99.86,89.20,18.07,0.00,0.00,2008-07-08,2008-07-14,1
20080701,CA,0.14,99.86,89.20,18.07,0.00,0.00,2008-07-01,2008-07-07,1
20080624,CA,0.14,99.86,89.20,18.07,0.00,0.00,2008-06-24,2008-06-30,1
20080617,CA,0.17,99.83,89.20,18.07,0.00,0.00,2008-06-17,2008-06-23,1
20080610,CA,4.69,95.31,63.74,9.26,0.00,0.00,2008-06-10,2008-06-16,1
20080603,CA,4.78,95.22,63.74,9.26,0.00,0.00,2008-06-03,2008-06-09,1
20080527,CA,8.90,91.10,47.51,9.26,0.00,0.00,2008-05-27,2008-06-02,1
20080520,CA,7.75,92.25,48.43,9.26,0.00,0.00,2008-05-20,2008-05-26,1
20080513,CA,7.75,92.25,48.43,9.26,0.00,0.00,2008-05-13,2008-05-19,1
20080506,CA,7.73,92.27,48.43,9.26,0.00,0.00,2008-05-06,2008-05-12,1
20080429,CA,7.29,92.71,45.66,9.26,0.00,0.00,2008-04-29,2008-05-05,1
20080422,CA,24.58,75.42,39.61,5.45,0.00,0.00,2008-04-22,2008-04-28,1
20080415,CA,24.58,75.42,39.61,5.45,0.00,0.00,2008-04-15,2008-04-21,1
20080408,CA,36.77,63.23,39.61,5.45,0.00,0.00,2008-04-08,2008-04-14,1
20080401,CA,44.52,55.48,31.58,3.83,0.00,0.00,2008-04-01,2008-04-07,1
20080325,CA,44.52,55.48,30.08,3.88,0.00,0.00,2008-03-25,2008-03-31,1
20080318,CA,44.52,55.48,34.28,13.33,0.00,0.00,2008-03-18,2008-03-24,1
20080311,CA,44.52,55.48,34.28,13.33,0.00,0.00,2008-03-11,2008-03-17,1
20080304,CA,44.52,55.48,34.28,13.33,0.00,0.00,2008-03-04,2008-03-10,1
20080226,CA,44.52,55.48,34.28,13.33,0.00,0.00,2008-02-26,2008-03-03,1
20080219,CA,18.27,81.73,37.46,14.06,0.00,0.00,2008-02-19,2008-02-25,1
20080212,CA,18.27,81.73,37.37,14.06,0.00,0.00,2008-02-12,2008-02-18,1
20080205,CA,18.23,81.77,36.63,14.06,0.00,0.00,2008-02-05,2008-02-11,1
20080129,CA,18.23,81.77,41.60,14.83,0.00,0.00,2008-01-29,2008-02-04,1
20080122,CA,11.36,88.64,79.85,32.80,0.00,0.00,2008-01-22,2008-01-28,1
20080115,CA,11.36,88.64,79.77,32.80,0.00,0.00,2008-01-15,2008-01-21,1
20080108,CA,11.36,88.64,79.77,31.56,0.00,0.00,2008-01-08,2008-01-14,1
20080101,CA,8.87,91.13,84.70,58.04,14.55,0.00,2008-01-01,2008-01-07,1
20071225,CA,8.87,91.13,84.70,58.04,14.54,0.00,2007-12-25,2007-12-31,1
20071218,CA,8.87,91.13,84.70,58.04,14.54,0.00,2007-12-18,2007-12-24,1
20071211,CA,8.87,91.13,84.83,58.04,14.55,0.00,2007-12-11,2007-12-17,1
20071204,CA,8.87,91.13,84.83,58.04,14.53,0.00,2007-12-04,2007-12-10,1
20071127,CA,8.87,91.13,84.83,58.02,33.68,0.00,2007-11-27,2007-12-03,1
20071120,CA,8.87,91.13,84.83,58.02,33.68,0.00,2007-11-20,2007-11-26,1
20071113,CA,8.87,91.13,84.83,58.02,33.67,0.00,2007-11-13,2007-11-19,1
20071106,CA,8.87,91.13,84.83,58.30,33.69,0.00,2007-11-06,2007-11-12,1
20071030,CA,8.87,91.13,84.83,58.30,33.68,0.00,2007-10-30,2007-11-05,1
20071023,CA,5.61,94.39,86.09,64.62,33.74,0.00,2007-10-23,2007-10-29,1
20071016,CA,1.17,98.83,92.56,64.62,33.76,0.00,2007-10-16,2007-10-22,1
20071009,CA,0.10,99.90,92.56,64.62,33.75,0.00,2007-10-09,2007-10-15,1
20071002,CA,0.00,100.00,92.56,64.62,33.76,0.00,2007-10-02,2007-10-08,1
20070925,CA,0.00,100.00,92.56,64.62,33.76,0.00,2007-09-25,2007-10-01,1
20070918,CA,0.00,100.00,92.56,65.34,35.23,0.00,2007-09-18,2007-09-24,1
20070911,CA,0.00,100.00,92.56,65.34,35.22,0.00,2007-09-11,2007-09-17,1
20070904,CA,0.00,100.00,92.56,65.34,35.22,0.00,2007-09-04,2007-09-10,1
20070828,CA,0.00,100.00,92.56,65.34,35.21,0.00,2007-08-28,2007-09-03,1
20070821,CA,0.00,100.00,92.32,65.34,35.23,0.00,2007-08-21,2007-08-27,1
20070814,CA,0.00,100.00,92.32,65.34,35.23,0.00,2007-08-14,2007-08-20,1
20070807,CA,0.00,100.00,92.32,65.34,35.15,0.00,2007-08-07,2007-08-13,1
20070731,CA,0.00,100.00,92.32,65.34,35.15,0.00,2007-07-31,2007-08-06,1
20070724,CA,0.00,100.00,92.32,65.34,35.15,0.00,2007-07-24,2007-07-30,1
20070717,CA,0.00,100.00,92.32,65.34,35.15,0.00,2007-07-17,2007-07-23,1
20070710,CA,0.00,100.00,92.32,65.34,35.15,0.00,2007-07-10,2007-07-16,1
20070703,CA,0.00,100.00,92.32,65.34,35.14,0.00,2007-07-03,2007-07-09,1
20070626,CA,0.00,100.00,92.32,65.34,34.31,0.00,2007-06-26,2007-07-02,1
20070619,CA,0.00,100.00,92.32,65.34,34.31,0.00,2007-06-19,2007-06-25,1
20070612,CA,3.31,96.69,92.32,65.34,34.40,0.00,2007-06-12,2007-06-18,1
20070605,CA,3.31,96.69,92.32,65.34,34.40,0.00,2007-06-05,2007-06-11,1
20070529,CA,3.31,96.69,92.32,65.34,34.40,0.00,2007-05-29,2007-06-04,1
20070522,CA,3.31,96.69,92.06,65.34,34.39,0.00,2007-05-22,2007-05-28,1
20070515,CA,3.31,96.69,89.76,60.45,28.65,0.00,2007-05-15,2007-05-21,1
20070508,CA,7.51,92.49,82.35,51.64,28.65,0.00,2007-05-08,2007-05-14,1
20070501,CA,7.51,92.49,82.35,51.64,28.65,0.00,2007-05-01,2007-05-07,1
20070424,CA,7.75,92.25,82.43,51.64,28.65,0.00,2007-04-24,2007-04-30,1
20070417,CA,3.77,96.23,87.30,56.13,28.65,0.00,2007-04-17,2007-04-23,1
20070410,CA,5.30,94.70,82.27,38.57,21.32,0.00,2007-04-10,2007-04-16,1
20070403,CA,8.52,91.48,63.02,33.01,21.32,0.00,2007-04-03,2007-04-09,1
20070327,CA,19.95,80.05,60.74,33.69,21.32,0.00,2007-03-27,2007-04-02,1
20070320,CA,25.44,74.56,59.60,32.59,21.23,0.00,2007-03-20,2007-03-26,1
20070313,CA,25.41,74.59,59.37,32.59,21.23,0.00,2007-03-13,2007-03-19,1
20070306,CA,25.41,74.59,54.02,28.80,0.00,0.00,2007-03-06,2007-03-12,1
20070227,CA,25.41,74.59,54.02,28.80,0.00,0.00,2007-02-27,2007-03-05,1
20070220,CA,15.18,84.82,59.19,29.64,0.00,0.00,2007-02-20,2007-02-26,1
20070213,CA,24.95,75.05,54.44,29.73,0.00,0.00,2007-02-13,2007-02-19,1
20070206,CA,9.64,90.36,61.27,24.23,0.00,0.00,2007-02-06,2007-02-12,1
20070130,CA,9.82,90.18,61.27,22.87,0.00,0.00,2007-01-30,2007-02-05,1
20070123,CA,10.72,89.28,46.97,17.72,0.00,0.00,2007-01-23,2007-01-29,1
20070116,CA,34.97,65.03,27.15,2.62,0.00,0.00,2007-01-16,2007-01-22,1
20070109,CA,34.97,65.03,27.15,2.62,0.00,0.00,2007-01-09,2007-01-15,1
20070102,CA,40.73,59.27,26.77,0.00,0.00,0.00,2007-01-02,2007-01-08,1
20061226,CA,40.35,59.65,11.64,0.00,0.00,0.00,2006-12-26,2007-01-01,1
20061219,CA,40.35,59.65,11.64,0.00,0.00,0.00,2006-12-19,2006-12-25,1
20061212,CA,49.79,50.21,0.79,0.00,0.00,0.00,2006-12-12,2006-12-18,1
20061205,CA,44.03,55.97,0.79,0.00,0.00,0.00,2006-12-05,2006-12-11,1
20061128,CA,77.72,22.28,0.82,0.00,0.00,0.00,2006-11-28,2006-12-04,1
20061121,CA,77.64,22.36,0.82,0.00,0.00,0.00,2006-11-21,2006-11-27,1
20061114,CA,84.57,15.43,0.82,0.00,0.00,0.00,2006-11-14,2006-11-20,1
20061107,CA,84.57,15.43,0.82,0.00,0.00,0.00,2006-11-07,2006-11-13,1
20061031,CA,84.57,15.43,0.82,0.00,0.00,0.00,2006-10-31,2006-11-06,1
20061024,CA,84.57,15.43,0.82,0.00,0.00,0.00,2006-10-24,2006-10-30,1
20061017,CA,84.57,15.43,0.82,0.00,0.00,0.00,2006-10-17,2006-10-23,1
20061010,CA,85.15,14.85,0.82,0.00,0.00,0.00,2006-10-10,2006-10-16,1
20061003,CA,85.15,14.85,0.82,0.00,0.00,0.00,2006-10-03,2006-10-09,1
20060926,CA,84.97,15.03,0.82,0.00,0.00,0.00,2006-09-26,2006-10-02,1
20060919,CA,84.97,15.03,0.82,0.00,0.00,0.00,2006-09-19,2006-09-25,1
20060912,CA,84.97,15.03,2.62,0.13,0.00,0.00,2006-09-12,2006-09-18,1
20060905,CA,84.79,15.21,2.62,0.13,0.00,0.00,2006-09-05,2006-09-11,1
20060829,CA,93.23,6.77,0.05,0.00,0.00,0.00,2006-08-29,2006-09-04,1
20060822,CA,93.03,6.97,0.06,0.00,0.00,0.00,2006-08-22,2006-08-28,1
20060815,CA,92.27,7.73,0.16,0.00,0.00,0.00,2006-08-15,2006-08-21,1
20060808,CA,92.27,7.73,0.12,0.00,0.00,0.00,2006-08-08,2006-08-14,1
20060801,CA,92.27,7.73,0.12,0.00,0.00,0.00,2006-08-01,2006-08-07,1
20060725,CA,92.27,7.73,0.12,0.00,0.00,0.00,2006-07-25,2006-07-31,1
20060718,CA,92.27,7.73,0.12,0.00,0.00,0.00,2006-07-18,2006-07-24,1
20060711,CA,92.00,8.00,0.12,0.00,0.00,0.00,2006-07-11,2006-07-17,1
20060704,CA,91.70,8.30,0.07,0.00,0.00,0.00,2006-07-04,2006-07-10,1
20060627,CA,91.76,8.24,0.07,0.00,0.00,0.00,2006-06-27,2006-07-03,1
20060620,CA,92.46,7.54,0.07,0.00,0.00,0.00,2006-06-20,2006-06-26,1
20060613,CA,92.46,7.54,0.07,0.00,0.00,0.00,2006-06-13,2006-06-19,1
20060606,CA,92.46,7.54,0.07,0.00,0.00,0.00,2006-06-06,2006-06-12,1
20060530,CA,92.46,7.54,0.07,0.00,0.00,0.00,2006-05-30,2006-06-05,1
20060523,CA,92.36,7.64,0.07,0.00,0.00,0.00,2006-05-23,2006-05-29,1
20060516,CA,92.36,7.64,0.07,0.00,0.00,0.00,2006-05-16,2006-05-22,1
20060509,CA,92.36,7.64,0.00,0.00,0.00,0.00,2006-05-09,2006-05-15,1
20060502,CA,92.36,7.64,0.01,0.00,0.00,0.00,2006-05-02,2006-05-08,1
20060425,CA,92.92,7.08,0.16,0.00,0.00,0.00,2006-04-25,2006-05-01,1
20060418,CA,92.92,7.08,0.16,0.00,0.00,0.00,2006-04-18,2006-04-24,1
20060411,CA,92.92,7.08,0.16,0.00,0.00,0.00,2006-04-11,2006-04-17,1
20060404,CA,92.47,7.53,0.16,0.00,0.00,0.00,2006-04-04,2006-04-10,1
20060328,CA,91.62,8.38,0.55,0.00,0.00,0.00,2006-03-28,2006-04-03,1
20060321,CA,83.59,16.41,0.55,0.00,0.00,0.00,2006-03-21,2006-03-27,1
20060314,CA,83.59,16.41,0.52,0.00,0.00,0.00,2006-03-14,2006-03-20,1
20060307,CA,78.18,21.82,0.52,0.00,0.00,0.00,2006-03-07,2006-03-13,1
20060228,CA,75.86,24.14,0.48,0.00,0.00,0.00,2006-02-28,2006-03-06,1
20060221,CA,84.21,15.79,0.00,0.00,0.00,0.00,2006-02-21,2006-02-27,1
20060214,CA,86.59,13.41,0.00,0.00,0.00,0.00,2006-02-14,2006-02-20,1
20060207,CA,86.68,13.32,0.00,0.00,0.00,0.00,2006-02-07,2006-02-13,1
20060131,CA,97.08,2.92,0.00,0.00,0.00,0.00,2006-01-31,2006-02-06,1
20060124,CA,97.08,2.92,0.00,0.00,0.00,0.00,2006-01-24,2006-01-30,1
20060117,CA,97.08,2.92,0.00,0.00,0.00,0.00,2006-01-17,2006-01-23,1
20060110,CA,96.60,3.40,0.00,0.00,0.00,0.00,2006-01-10,2006-01-16,1
20060103,CA,98.32,1.68,0.00,0.00,0.00,0.00,2006-01-03,2006-01-09,1
20051227,CA,93.91,6.09,0.00,0.00,0.00,0.00,2005-12-27,2006-01-02,1
20051220,CA,93.69,6.31,0.00,0.00,0.00,0.00,2005-12-20,2005-12-26,1
20051213,CA,90.03,9.97,0.00,0.00,0.00,0.00,2005-12-13,2005-12-19,1
20051206,CA,90.03,9.97,0.00,0.00,0.00,0.00,2005-12-06,2005-12-12,1
20051129,CA,75.23,24.77,0.00,0.00,0.00,0.00,2005-11-29,2005-12-05,1
20051122,CA,99.66,0.34,0.00,0.00,0.00,0.00,2005-11-22,2005-11-28,1
20051115,CA,99.66,0.34,0.00,0.00,0.00,0.00,2005-11-15,2005-11-21,1
20051108,CA,99.66,0.34,0.00,0.00,0.00,0.00,2005-11-08,2005-11-14,1
20051101,CA,99.58,0.42,0.00,0.00,0.00,0.00,2005-11-01,2005-11-07,1
20051025,CA,99.58,0.42,0.00,0.00,0.00,0.00,2005-10-25,2005-10-31,1
20051018,CA,99.58,0.42,0.00,0.00,0.00,0.00,2005-10-18,2005-10-24,1
20051011,CA,99.58,0.42,0.00,0.00,0.00,0.00,2005-10-11,2005-10-17,1
20051004,CA,99.58,0.42,0.00,0.00,0.00,0.00,2005-10-04,2005-10-10,1
20050927,CA,99.58,0.42,0.00,0.00,0.00,0.00,2005-09-27,2005-10-03,1
20050920,CA,99.41,0.59,0.05,0.00,0.00,0.00,2005-09-20,2005-09-26,1
20050913,CA,99.20,0.80,0.06,0.00,0.00,0.00,2005-09-13,2005-09-19,1
20050906,CA,99.20,0.80,0.06,0.00,0.00,0.00,2005-09-06,2005-09-12,1
20050830,CA,98.84,1.16,0.06,0.00,0.00,0.00,2005-08-30,2005-09-05,1
20050823,CA,98.85,1.15,0.06,0.00,0.00,0.00,2005-08-23,2005-08-29,1
20050816,CA,99.04,0.96,0.06,0.00,0.00,0.00,2005-08-16,2005-08-22,1
20050809,CA,99.03,0.97,0.06,0.00,0.00,0.00,2005-08-09,2005-08-15,1
20050802,CA,98.96,1.04,0.06,0.00,0.00,0.00,2005-08-02,2005-08-08,1
20050726,CA,99.01,0.99,0.06,0.00,0.00,0.00,2005-07-26,2005-08-01,1
20050719,CA,99.01,0.99,0.06,0.00,0.00,0.00,2005-07-19,2005-07-25,1
20050712,CA,99.01,0.99,0.06,0.00,0.00,0.00,2005-07-12,2005-07-18,1
20050705,CA,99.01,0.99,0.06,0.00,0.00,0.00,2005-07-05,2005-07-11,1
20050628,CA,99.01,0.99,0.06,0.00,0.00,0.00,2005-06-28,2005-07-04,1
20050621,CA,98.71,1.29,0.06,0.00,0.00,0.00,2005-06-21,2005-06-27,1
20050614,CA,98.48,1.52,0.06,0.00,0.00,0.00,2005-06-14,2005-06-20,1
20050607,CA,98.48,1.52,0.06,0.00,0.00,0.00,2005-06-07,2005-06-13,1
20050531,CA,98.48,1.52,0.06,0.00,0.00,0.00,2005-05-31,2005-06-06,1
20050524,CA,98.48,1.52,0.06,0.00,0.00,0.00,2005-05-24,2005-05-30,1
20050517,CA,98.48,1.52,0.06,0.00,0.00,0.00,2005-05-17,2005-05-23,1
20050510,CA,97.00,3.00,1.09,0.00,0.00,0.00,2005-05-10,2005-05-16,1
20050503,CA,95.53,4.47,2.09,0.00,0.00,0.00,2005-05-03,2005-05-09,1
20050426,CA,96.16,3.84,2.09,0.00,0.00,0.00,2005-04-26,2005-05-02,1
20050419,CA,96.16,3.84,2.09,0.00,0.00,0.00,2005-04-19,2005-04-25,1
20050412,CA,95.46,4.54,2.64,0.04,0.00,0.00,2005-04-12,2005-04-18,1
20050405,CA,94.54,5.46,2.63,0.04,0.00,0.00,2005-04-05,2005-04-11,1
20050329,CA,95.35,4.65,2.87,0.21,0.00,0.00,2005-03-29,2005-04-04,1
20050322,CA,87.97,12.03,3.00,0.21,0.00,0.00,2005-03-22,2005-03-28,1
20050315,CA,87.97,12.03,3.00,0.21,0.00,0.00,2005-03-15,2005-03-21,1
20050308,CA,90.12,9.88,1.30,0.00,0.00,0.00,2005-03-08,2005-03-14,1
20050301,CA,90.40,9.60,1.22,0.00,0.00,0.00,2005-03-01,2005-03-07,1
20050222,CA,88.57,11.43,1.22,0.00,0.00,0.00,2005-02-22,2005-02-28,1
20050215,CA,88.57,11.43,1.22,0.00,0.00,0.00,2005-02-15,2005-02-21,1
20050208,CA,89.80,10.20,4.10,0.00,0.00,0.00,2005-02-08,2005-02-14,1
20050201,CA,88.93,11.07,4.10,0.00,0.00,0.00,2005-02-01,2005-02-07,1
20050125,CA,88.24,11.76,4.10,0.21,0.00,0.00,2005-01-25,2005-01-31,1
20050118,CA,88.37,11.63,4.10,0.21,0.00,0.00,2005-01-18,2005-01-24,1
20050111,CA,83.40,16.60,4.10,0.21,0.00,0.00,2005-01-11,2005-01-17,1
20050104,CA,69.05,30.95,7.85,1.77,0.00,0.00,2005-01-04,2005-01-10,1
20041228,CA,40.45,59.55,28.85,3.98,0.00,0.00,2004-12-28,2005-01-03,1
20041221,CA,32.23,67.77,29.37,3.98,0.00,0.00,2004-12-21,2004-12-27,1
20041214,CA,32.23,67.77,29.37,3.98,0.00,0.00,2004-12-14,2004-12-20,1
20041207,CA,26.62,73.38,29.37,4.84,0.00,0.00,2004-12-07,2004-12-13,1
20041130,CA,26.46,73.54,30.21,8.64,0.00,0.00,2004-11-30,2004-12-06,1
20041123,CA,24.23,75.77,31.28,8.30,0.00,0.00,2004-11-23,2004-11-29,1
20041116,CA,24.23,75.77,31.28,8.30,0.00,0.00,2004-11-16,2004-11-22,1
20041109,CA,20.84,79.16,31.28,8.30,0.00,0.00,2004-11-09,2004-11-15,1
20041102,CA,18.41,81.59,31.28,10.42,0.00,0.00,2004-11-02,2004-11-08,1
20041026,CA,18.23,81.77,40.55,10.42,0.00,0.00,2004-10-26,2004-11-01,1
20041019,CA,12.21,87.79,55.82,18.25,0.00,0.00,2004-10-19,2004-10-25,1
20041012,CA,5.41,94.59,61.09,21.10,0.00,0.00,2004-10-12,2004-10-18,1
20041005,CA,5.41,94.59,61.09,21.10,0.00,0.00,2004-10-05,2004-10-11,1
20040928,CA,5.41,94.59,61.09,21.10,0.00,0.00,2004-09-28,2004-10-04,1
20040921,CA,5.26,94.74,61.09,21.10,0.00,0.00,2004-09-21,2004-09-27,1
20040914,CA,5.35,94.65,61.09,21.10,0.00,0.00,2004-09-14,2004-09-20,1
20040907,CA,5.20,94.80,61.29,22.45,0.00,0.00,2004-09-07,2004-09-13,1
20040831,CA,5.10,94.90,61.29,22.45,0.00,0.00,2004-08-31,2004-09-06,1
20040824,CA,10.63,89.37,60.59,21.79,0.00,0.00,2004-08-24,2004-08-30,1
20040817,CA,10.62,89.38,60.59,21.79,0.00,0.00,2004-08-17,2004-08-23,1
20040810,CA,10.62,89.38,60.59,25.30,0.00,0.00,2004-08-10,2004-08-16,1
20040803,CA,15.64,84.36,52.05,14.97,0.00,0.00,2004-08-03,2004-08-09,1
20040727,CA,14.81,85.19,52.05,14.97,0.00,0.00,2004-07-27,2004-08-02,1
20040720,CA,14.81,85.19,52.02,9.89,0.00,0.00,2004-07-20,2004-07-26,1
20040713,CA,14.81,85.19,52.05,8.32,0.00,0.00,2004-07-13,2004-07-19,1
20040706,CA,14.81,85.19,52.05,8.32,0.00,0.00,2004-07-06,2004-07-12,1
20040629,CA,14.64,85.36,50.90,7.57,0.00,0.00,2004-06-29,2004-07-05,1
20040622,CA,17.95,82.05,50.66,7.57,0.00,0.00,2004-06-22,2004-06-28,1
20040615,CA,17.67,82.33,50.41,7.67,0.00,0.00,2004-06-15,2004-06-21,1
20040608,CA,17.67,82.33,50.41,7.67,0.00,0.00,2004-06-08,2004-06-14,1
20040601,CA,18.39,81.61,50.36,6.66,0.00,0.00,2004-06-01,2004-06-07,1
20040525,CA,16.90,83.10,48.33,6.96,0.00,0.00,2004-05-25,2004-05-31,1
20040518,CA,17.07,82.93,46.06,6.96,0.00,0.00,2004-05-18,2004-05-24,1
20040511,CA,17.07,82.93,46.06,6.96,0.00,0.00,2004-05-11,2004-05-17,1
20040504,CA,16.81,83.19,46.06,6.96,0.00,0.00,2004-05-04,2004-05-10,1
20040427,CA,29.20,70.80,22.67,6.96,0.00,0.00,2004-04-27,2004-05-03,1
20040420,CA,31.64,68.36,19.01,5.78,0.00,0.00,2004-04-20,2004-04-26,1
20040413,CA,31.64,68.36,19.01,5.78,0.00,0.00,2004-04-13,2004-04-19,1
20040406,CA,62.08,37.92,16.45,5.43,0.00,0.00,2004-04-06,2004-04-12,1
20040330,CA,61.85,38.15,17.16,7.94,0.00,0.00,2004-03-30,2004-04-05,1
20040323,CA,74.00,26.00,17.16,7.94,0.00,0.00,2004-03-23,2004-03-29,1
20040316,CA,74.00,26.00,17.16,7.94,0.00,0.00,2004-03-16,2004-03-22,1
20040309,CA,74.00,26.00,17.16,7.94,0.00,0.00,2004-03-09,2004-03-15,1
20040302,CA,74.00,26.00,17.16,7.94,0.00,0.00,2004-03-02,2004-03-08,1
20040224,CA,70.62,29.38,17.20,7.78,0.00,0.00,2004-02-24,2004-03-01,1
20040217,CA,67.47,32.53,17.20,7.78,0.00,0.00,2004-02-17,2004-02-23,1
20040210,CA,67.47,32.53,17.20,7.78,0.00,0.00,2004-02-10,2004-02-16,1
20040203,CA,67.18,32.82,17.30,7.79,0.00,0.00,2004-02-03,2004-02-09,1
20040127,CA,67.18,32.82,17.30,7.67,0.00,0.00,2004-01-27,2004-02-02,1
20040120,CA,66.01,33.99,18.38,7.67,0.00,0.00,2004-01-20,2004-01-26,1
20040113,CA,65.27,34.73,23.23,9.51,0.00,0.00,2004-01-13,2004-01-19,1
20040106,CA,69.55,30.45,20.28,8.05,0.00,0.00,2004-01-06,2004-01-12,1
20031230,CA,67.34,32.66,20.28,9.47,0.00,0.00,2003-12-30,2004-01-05,1
20031223,CA,47.84,52.16,32.06,9.80,0.01,0.00,2003-12-23,2003-12-29,1
20031216,CA,48.91,51.09,30.57,9.75,0.02,0.00,2003-12-16,2003-12-22,1
20031209,CA,47.46,52.54,29.64,8.86,0.01,0.00,2003-12-09,2003-12-15,1
20031202,CA,43.73,56.27,30.70,9.84,0.00,0.00,2003-12-02,2003-12-08,1
20031125,CA,46.19,53.81,30.69,10.91,0.00,0.00,2003-11-25,2003-12-01,1
20031118,CA,44.56,55.44,32.10,11.56,0.03,0.00,2003-11-18,2003-11-24,1
20031111,CA,45.87,54.13,31.34,10.20,0.00,0.00,2003-11-11,2003-11-17,1
20031104,CA,29.14,70.86,33.06,11.07,0.00,0.00,2003-11-04,2003-11-10,1
20031028,CA,6.60,93.40,42.17,11.32,0.02,0.00,2003-10-28,2003-11-03,1
20031021,CA,26.77,73.23,26.49,11.27,0.00,0.00,2003-10-21,2003-10-27,1
20031014,CA,28.25,71.75,23.96,9.48,0.00,0.00,2003-10-14,2003-10-20,1
20031007,CA,66.91,33.09,25.28,10.65,0.00,0.00,2003-10-07,2003-10-13,1
20030930,CA,67.98,32.02,23.86,8.94,0.00,0.00,2003-09-30,2003-10-06,1
20030923,CA,66.92,33.08,25.47,10.71,0.00,0.00,2003-09-23,2003-09-29,1
20030916,CA,67.25,32.75,24.90,10.18,0.00,0.00,2003-09-16,2003-09-22,1
20030909,CA,65.83,34.17,27.52,9.39,0.01,0.00,2003-09-09,2003-09-15,1
20030902,CA,65.32,34.68,30.54,15.26,0.00,0.00,2003-09-02,2003-09-08,1
20030826,CA,66.80,33.20,24.01,13.44,0.01,0.00,2003-08-26,2003-09-01,1
20030819,CA,66.81,33.19,24.08,12.70,0.00,0.00,2003-08-19,2003-08-25,1
20030812,CA,63.93,36.07,24.75,8.37,0.01,0.00,2003-08-12,2003-08-18,1
20030805,CA,63.37,36.63,25.72,9.10,0.05,0.00,2003-08-05,2003-08-11,1
20030729,CA,63.90,36.10,24.76,8.43,0.03,0.00,2003-07-29,2003-08-04,1
20030722,CA,62.96,37.04,26.04,8.90,0.01,0.00,2003-07-22,2003-07-28,1
20030715,CA,62.14,37.86,25.28,9.19,0.00,0.00,2003-07-15,2003-07-21,1
20030708,CA,62.41,37.59,25.72,9.38,0.00,0.00,2003-07-08,2003-07-14,1
20030701,CA,63.14,36.86,25.06,8.45,0.03,0.00,2003-07-01,2003-07-07,1
20030624,CA,64.70,35.30,25.23,8.28,0.04,0.00,2003-06-24,2003-06-30,1
20030617,CA,63.83,36.17,25.85,8.23,0.10,0.00,2003-06-17,2003-06-23,1
20030610,CA,63.70,36.30,25.72,8.66,0.00,0.00,2003-06-10,2003-06-16,1
20030603,CA,63.32,36.68,26.16,8.99,0.00,0.00,2003-06-03,2003-06-09,1
20030527,CA,65.05,34.95,25.13,8.38,0.00,0.00,2003-05-27,2003-06-02,1
20030520,CA,64.15,35.85,25.01,8.47,0.00,0.00,2003-05-20,2003-05-26,1
20030513,CA,63.81,36.19,25.47,8.03,0.00,0.00,2003-05-13,2003-05-19,1
20030506,CA,58.71,41.29,30.12,8.33,0.00,0.00,2003-05-06,2003-05-12,1
20030429,CA,59.37,40.63,29.46,7.67,0.00,0.00,2003-04-29,2003-05-05,1
20030422,CA,59.72,40.28,30.85,8.75,0.04,0.00,2003-04-22,2003-04-28,1
20030415,CA,58.56,41.44,29.00,10.17,0.05,0.00,2003-04-15,2003-04-21,1
20030408,CA,40.13,59.87,32.74,11.39,0.17,0.00,2003-04-08,2003-04-14,1
20030401,CA,39.64,60.36,32.57,11.57,0.21,0.00,2003-04-01,2003-04-07,1
20030325,CA,51.83,48.17,32.10,11.33,0.10,0.00,2003-03-25,2003-03-31,1
20030318,CA,51.50,48.50,32.90,11.55,0.04,0.00,2003-03-18,2003-03-24,1
20030311,CA,45.14,54.86,33.71,21.85,1.20,0.00,2003-03-11,2003-03-17,1
20030304,CA,60.17,39.83,30.65,21.81,1.35,0.00,2003-03-04,2003-03-10,1
20030225,CA,58.10,41.90,34.46,20.61,7.62,0.00,2003-02-25,2003-03-03,1
20030218,CA,57.82,42.18,34.47,20.69,7.93,0.00,2003-02-18,2003-02-24,1
20030211,CA,45.39,54.61,38.83,28.32,14.91,0.00,2003-02-11,2003-02-17,1
20030204,CA,47.36,52.64,31.78,25.80,15.70,0.00,2003-02-04,2003-02-10,1
20030128,CA,51.74,48.26,29.56,25.24,15.67,0.00,2003-01-28,2003-02-03,1
20030121,CA,61.07,38.93,29.70,24.20,17.18,0.00,2003-01-21,2003-01-27,1
20030114,CA,60.71,39.29,30.81,25.39,17.08,0.00,2003-01-14,2003-01-20,1
20030107,CA,58.16,41.84,32.14,25.42,16.93,0.00,2003-01-07,2003-01-13,1
20021231,CA,58.39,41.61,32.23,26.06,17.19,0.00,2002-12-31,2003-01-06,1
20021224,CA,56.56,43.44,33.12,26.29,17.58,0.00,2002-12-24,2002-12-30,1
20021217,CA,42.10,57.90,35.75,29.12,17.18,0.00,2002-12-17,2002-12-23,1
20021210,CA,0.00,100.00,51.74,30.89,17.39,0.00,2002-12-10,2002-12-16,1
20021203,CA,5.66,94.34,35.26,28.16,17.35,0.00,2002-12-03,2002-12-09,1
20021126,CA,4.95,95.05,36.15,28.59,20.81,0.00,2002-11-26,2002-12-02,1
20021119,CA,5.55,94.45,35.87,28.21,20.68,0.00,2002-11-19,2002-11-25,1
20021112,CA,5.29,94.71,35.19,28.10,20.41,0.00,2002-11-12,2002-11-18,1
20021105,CA,0.00,100.00,75.48,47.20,24.48,0.00,2002-11-05,2002-11-11,1
20021029,CA,0.00,100.00,72.23,39.41,24.28,0.00,2002-10-29,2002-11-04,1
20021022,CA,0.00,100.00,72.01,39.65,23.89,0.00,2002-10-22,2002-10-28,1
20021015,CA,0.00,100.00,70.48,39.60,23.64,0.00,2002-10-15,2002-10-21,1
20021008,CA,0.00,100.00,70.73,39.66,23.64,0.00,2002-10-08,2002-10-14,1
20021001,CA,6.12,93.88,51.75,38.19,23.61,0.00,2002-10-01,2002-10-07,1
20020924,CA,5.50,94.50,56.14,39.64,23.98,0.00,2002-09-24,2002-09-30,1
20020917,CA,5.77,94.23,55.61,39.39,23.92,0.00,2002-09-17,2002-09-23,1
20020910,CA,5.10,94.90,55.24,40.45,23.63,0.00,2002-09-10,2002-09-16,1
20020903,CA,5.28,94.72,56.36,39.93,22.95,0.00,2002-09-03,2002-09-09,1
20020827,CA,4.89,95.11,56.24,39.99,24.21,0.00,2002-08-27,2002-09-02,1
20020820,CA,4.99,95.01,56.57,40.31,23.95,0.00,2002-08-20,2002-08-26,1
20020813,CA,4.99,95.01,56.66,40.03,26.32,0.00,2002-08-13,2002-08-19,1
20020806,CA,5.23,94.77,56.22,40.05,26.05,0.00,2002-08-06,2002-08-12,1
20020730,CA,4.99,95.01,55.35,39.71,24.45,0.00,2002-07-30,2002-08-05,1
20020723,CA,5.69,94.31,55.30,37.90,23.07,0.00,2002-07-23,2002-07-29,1
20020716,CA,6.67,93.33,51.55,36.29,23.20,0.00,2002-07-16,2002-07-22,1
20020709,CA,6.55,93.45,53.57,36.09,15.15,0.00,2002-07-09,2002-07-15,1
20020702,CA,7.45,92.55,53.31,35.76,13.67,0.00,2002-07-02,2002-07-08,1
20020625,CA,7.56,92.44,52.99,35.49,13.46,0.00,2002-06-25,2002-07-01,1
20020618,CA,18.01,81.99,48.22,33.20,9.07,0.00,2002-06-18,2002-06-24,1
20020611,CA,17.86,82.14,42.35,27.08,4.09,0.00,2002-06-11,2002-06-17,1
20020604,CA,17.99,82.01,42.05,26.85,3.93,0.00,2002-06-04,2002-06-10,1
20020528,CA,19.89,80.11,41.79,27.18,3.87,0.00,2002-05-28,2002-06-03,1
20020521,CA,53.49,46.51,36.83,26.07,0.45,0.00,2002-05-21,2002-05-27,1
20020514,CA,53.27,46.73,37.31,26.59,0.55,0.00,2002-05-14,2002-05-20,1
20020507,CA,53.54,46.46,37.13,26.21,0.45,0.00,2002-05-07,2002-05-13,1
20020430,CA,53.26,46.74,37.89,26.40,0.45,0.00,2002-04-30,2002-05-06,1
20020423,CA,52.85,47.15,37.98,29.12,0.00,0.00,2002-04-23,2002-04-29,1
20020416,CA,52.61,47.39,38.23,29.37,0.00,0.00,2002-04-16,2002-04-22,1
20020409,CA,54.11,45.89,35.60,19.10,0.00,0.00,2002-04-09,2002-04-15,1
20020402,CA,55.18,44.82,26.77,6.56,0.00,0.00,2002-04-02,2002-04-08,1
20020326,CA,54.83,45.17,22.32,1.56,0.00,0.00,2002-03-26,2002-04-01,1
20020319,CA,55.60,44.40,22.30,0.00,0.00,0.00,2002-03-19,2002-03-25,1
20020312,CA,53.35,46.65,21.95,0.00,0.00,0.00,2002-03-12,2002-03-18,1
20020305,CA,52.91,47.09,0.29,0.00,0.00,0.00,2002-03-05,2002-03-11,1
20020226,CA,54.51,45.49,0.17,0.00,0.00,0.00,2002-02-26,2002-03-04,1
20020219,CA,54.76,45.24,0.07,0.00,0.00,0.00,2002-02-19,2002-02-25,1
20020212,CA,53.96,46.04,0.28,0.00,0.00,0.00,2002-02-12,2002-02-18,1
20020205,CA,75.57,24.43,0.16,0.00,0.00,0.00,2002-02-05,2002-02-11,1
20020129,CA,87.79,12.21,0.15,0.00,0.00,0.00,2002-01-29,2002-02-04,1
20020122,CA,87.24,12.76,0.11,0.00,0.00,0.00,2002-01-22,2002-01-28,1
20020115,CA,92.58,7.42,0.27,0.00,0.00,0.00,2002-01-15,2002-01-21,1
20020108,CA,92.84,7.16,0.11,0.00,0.00,0.00,2002-01-08,2002-01-14,1
20020101,CA,77.42,22.58,11.08,4.92,0.00,0.00,2002-01-01,2002-01-07,1
20011225,CA,66.53,33.47,18.81,9.92,0.00,0.00,2001-12-25,2001-12-31,1
20011218,CA,51.45,48.55,30.49,17.90,3.20,0.00,2001-12-18,2001-12-24,1
20011211,CA,48.36,51.64,30.49,20.09,6.77,0.00,2001-12-11,2001-12-17,1
20011204,CA,45.75,54.25,34.41,21.40,7.56,0.00,2001-12-04,2001-12-10,1
20011127,CA,40.93,59.07,45.10,30.64,17.59,0.00,2001-11-27,2001-12-03,1
20011120,CA,29.62,70.38,47.53,30.64,18.22,0.00,2001-11-20,2001-11-26,1
20011113,CA,29.62,70.38,47.53,32.69,18.22,0.00,2001-11-13,2001-11-19,1
20011106,CA,29.62,70.38,47.53,32.69,18.22,0.00,2001-11-06,2001-11-12,1
20011030,CA,29.62,70.38,47.53,32.69,18.22,0.00,2001-10-30,2001-11-05,1
20011023,CA,29.62,70.38,47.53,33.58,18.95,0.00,2001-10-23,2001-10-29,1
20011016,CA,29.62,70.38,47.53,33.58,18.95,0.00,2001-10-16,2001-10-22,1
20011009,CA,33.99,66.01,47.53,33.58,18.95,0.00,2001-10-09,2001-10-15,1
20011002,CA,33.99,66.01,47.53,33.57,18.95,0.00,2001-10-02,2001-10-08,1
20010925,CA,33.99,66.01,47.53,33.58,18.95,0.00,2001-09-25,2001-10-01,1
20010918,CA,33.99,66.01,47.53,33.58,18.95,0.00,2001-09-18,2001-09-24,1
20010911,CA,33.99,66.01,47.53,33.58,18.95,0.00,2001-09-11,2001-09-17,1
20010904,CA,50.28,49.72,35.87,28.25,18.60,0.00,2001-09-04,2001-09-10,1
20010828,CA,50.28,49.72,35.87,28.25,18.60,0.00,2001-08-28,2001-09-03,1
20010821,CA,53.00,47.00,32.15,25.19,16.26,0.00,2001-08-21,2001-08-27,1
20010814,CA,54.82,45.18,27.19,19.79,10.31,0.00,2001-08-14,2001-08-20,1
20010807,CA,54.82,45.18,27.19,19.79,9.69,0.00,2001-08-07,2001-08-13,1
20010731,CA,54.82,45.18,27.19,19.79,9.69,0.00,2001-07-31,2001-08-06,1
20010724,CA,54.82,45.18,27.19,19.79,9.69,0.00,2001-07-24,2001-07-30,1
20010717,CA,55.94,44.06,27.19,19.79,9.69,0.00,2001-07-17,2001-07-23,1
20010710,CA,56.08,43.92,26.69,17.04,9.69,0.00,2001-07-10,2001-07-16,1
20010703,CA,42.02,57.98,27.59,18.48,4.72,0.00,2001-07-03,2001-07-09,1
20010626,CA,46.12,53.88,27.59,17.28,0.93,0.00,2001-06-26,2001-07-02,1
20010619,CA,46.49,53.51,25.96,15.87,0.20,0.00,2001-06-19,2001-06-25,1
20010612,CA,49.85,50.15,24.34,8.93,0.05,0.00,2001-06-12,2001-06-18,1
20010605,CA,49.85,50.15,22.39,8.24,0.05,0.00,2001-06-05,2001-06-11,1
20010529,CA,59.65,40.35,17.23,6.10,0.04,0.00,2001-05-29,2001-06-04,1
20010522,CA,59.65,40.35,17.23,3.44,0.05,0.00,2001-05-22,2001-05-28,1
20010515,CA,59.65,40.35,17.23,3.44,0.05,0.00,2001-05-15,2001-05-21,1
20010508,CA,66.50,33.50,14.71,3.44,0.07,0.00,2001-05-08,2001-05-14,1
20010501,CA,66.50,33.50,14.71,3.44,0.58,0.00,2001-05-01,2001-05-07,1
20010424,CA,66.50,33.50,14.71,3.44,0.58,0.00,2001-04-24,2001-04-30,1
20010417,CA,66.50,33.50,14.71,3.44,0.58,0.00,2001-04-17,2001-04-23,1
20010410,CA,74.01,25.99,13.11,3.44,0.58,0.00,2001-04-10,2001-04-16,1
20010403,CA,69.79,30.21,12.93,3.44,0.58,0.00,2001-04-03,2001-04-09,1
20010327,CA,73.40,26.60,4.65,0.08,0.00,0.00,2001-03-27,2001-04-02,1
20010320,CA,73.40,26.60,4.65,0.08,0.00,0.00,2001-03-20,2001-03-26,1
20010313,CA,73.11,26.89,2.97,0.00,0.00,0.00,2001-03-13,2001-03-19,1
20010306,CA,73.11,26.89,2.97,0.00,0.00,0.00,2001-03-06,2001-03-12,1
20010227,CA,73.11,26.89,2.95,0.00,0.00,0.00,2001-02-27,2001-03-05,1
20010220,CA,68.10,31.90,2.28,0.00,0.00,0.00,2001-02-20,2001-02-26,1
20010213,CA,62.95,37.05,2.68,0.00,0.00,0.00,2001-02-13,2001-02-19,1
20010206,CA,63.65,36.35,0.00,0.00,0.00,0.00,2001-02-06,2001-02-12,1
20010130,CA,80.05,19.95,0.00,0.00,0.00,0.00,2001-01-30,2001-02-05,1
20010123,CA,74.23,25.77,0.00,0.00,0.00,0.00,2001-01-23,2001-01-29,1
20010116,CA,85.26,14.74,0.00,0.00,0.00,0.00,2001-01-16,2001-01-22,1
20010109,CA,56.33,43.67,0.00,0.00,0.00,0.00,2001-01-09,2001-01-15,1
20010102,CA,69.13,30.87,0.00,0.00,0.00,0.00,2001-01-02,2001-01-08,1
20001226,CA,100.00,0.00,0.00,0.00,0.00,0.00,2000-12-26,2001-01-01,1
20001219,CA,100.00,0.00,0.00,0.00,0.00,0.00,2000-12-19,2000-12-25,1
20001212,CA,100.00,0.00,0.00,0.00,0.00,0.00,2000-12-12,2000-12-18,1
20001205,CA,100.00,0.00,0.00,0.00,0.00,0.00,2000-12-05,2000-12-11,1
20001128,CA,100.00,0.00,0.00,0.00,0.00,0.00,2000-11-28,2000-12-04,1
20001121,CA,100.00,0.00,0.00,0.00,0.00,0.00,2000-11-21,2000-11-27,1
20001114,CA,100.00,0.00,0.00,0.00,0.00,0.00,2000-11-14,2000-11-20,1
20001107,CA,100.00,0.00,0.00,0.00,0.00,0.00,2000-11-07,2000-11-13,1
20001031,CA,100.00,0.00,0.00,0.00,0.00,0.00,2000-10-31,2000-11-06,1
20001024,CA,88.15,11.85,0.00,0.00,0.00,0.00,2000-10-24,2000-10-30,1
20001017,CA,84.08,15.92,0.00,0.00,0.00,0.00,2000-10-17,2000-10-23,1
20001010,CA,87.30,12.70,0.00,0.00,0.00,0.00,2000-10-10,2000-10-16,1
20001003,CA,87.30,12.70,0.00,0.00,0.00,0.00,2000-10-03,2000-10-09,1
20000926,CA,87.30,12.70,0.00,0.00,0.00,0.00,2000-09-26,2000-10-02,1
20000919,CA,87.82,12.18,0.00,0.00,0.00,0.00,2000-09-19,2000-09-25,1
20000912,CA,87.82,12.18,0.00,0.00,0.00,0.00,2000-09-12,2000-09-18,1
20000905,CA,87.82,12.18,0.00,0.00,0.00,0.00,2000-09-05,2000-09-11,1
20000829,CA,77.21,22.79,0.00,0.00,0.00,0.00,2000-08-29,2000-09-04,1
20000822,CA,75.09,24.91,0.99,0.00,0.00,0.00,2000-08-22,2000-08-28,1
20000815,CA,75.09,24.91,1.72,0.00,0.00,0.00,2000-08-15,2000-08-21,1
20000808,CA,87.98,12.02,0.00,0.00,0.00,0.00,2000-08-08,2000-08-14,1
20000801,CA,92.39,7.61,0.00,0.00,0.00,0.00,2000-08-01,2000-08-07,1
20000725,CA,92.39,7.61,0.00,0.00,0.00,0.00,2000-07-25,2000-07-31,1
20000718,CA,100.00,0.00,0.00,0.00,0.00,0.00,2000-07-18,2000-07-24,1
20000711,CA,100.00,0.00,0.00,0.00,0.00,0.00,2000-07-11,2000-07-17,1
20000704,CA,100.00,0.00,0.00,0.00,0.00,0.00,2000-07-04,2000-07-10,1
20000627,CA,100.00,0.00,0.00,0.00,0.00,0.00,2000-06-27,2000-07-03,1
20000620,CA,100.00,0.00,0.00,0.00,0.00,0.00,2000-06-20,2000-06-26,1
20000613,CA,100.00,0.00,0.00,0.00,0.00,0.00,2000-06-13,2000-06-19,1
20000606,CA,100.00,0.00,0.00,0.00,0.00,0.00,2000-06-06,2000-06-12,1
20000530,CA,100.00,0.00,0.00,0.00,0.00,0.00,2000-05-30,2000-06-05,1
20000523,CA,100.00,0.00,0.00,0.00,0.00,0.00,2000-05-23,2000-05-29,1
20000516,CA,100.00,0.00,0.00,0.00,0.00,0.00,2000-05-16,2000-05-22,1
20000509,CA,100.00,0.00,0.00,0.00,0.00,0.00,2000-05-09,2000-05-15,1
20000502,CA,100.00,0.00,0.00,0.00,0.00,0.00,2000-05-02,2000-05-08,1
20000425,CA,100.00,0.00,0.00,0.00,0.00,0.00,2000-04-25,2000-05-01,1
20000418,CA,95.93,4.07,0.00,0.00,0.00,0.00,2000-04-18,2000-04-24,1
20000411,CA,97.02,2.98,0.00,0.00,0.00,0.00,2000-04-11,2000-04-17,1
20000404,CA,97.02,2.98,0.00,0.00,0.00,0.00,2000-04-04,2000-04-10,1
20000328,CA,97.28,2.72,0.00,0.00,0.00,0.00,2000-03-28,2000-04-03,1
20000321,CA,97.45,2.55,0.00,0.00,0.00,0.00,2000-03-21,2000-03-27,1
20000314,CA,97.45,2.55,0.00,0.00,0.00,0.00,2000-03-14,2000-03-20,1
20000307,CA,90.56,9.44,0.03,0.00,0.00,0.00,2000-03-07,2000-03-13,1
20000229,CA,83.71,16.29,0.05,0.00,0.00,0.00,2000-02-29,2000-03-06,1
20000222,CA,81.29,18.71,0.00,0.00,0.00,0.00,2000-02-22,2000-02-28,1
20000215,CA,56.39,43.61,0.00,0.00,0.00,0.00,2000-02-15,2000-02-21,1
20000208,CA,55.80,44.20,0.00,0.00,0.00,0.00,2000-02-08,2000-02-14,1
20000201,CA,49.12,50.88,0.00,0.00,0.00,0.00,2000-02-01,2000-02-07,1
20000125,CA,44.03,55.97,0.00,0.00,0.00,0.00,2000-01-25,2000-01-31,1
20000118,CA,27.96,72.04,0.00,0.00,0.00,0.00,2000-01-18,2000-01-24,1
20000111,CA,18.25,81.75,0.00,0.00,0.00,0.00,2000-01-11,2000-01-17,1
20000104,CA,51.83,48.17,0.00,0.00,0.00,0.00,2000-01-04,2000-01-10,1
